population,state,county
4903185,Alabama,Alabama
55869,Alabama,Autauga County
223234,Alabama,Baldwin County
24686,Alabama,Barbour County
22394,Alabama,Bibb County
57826,Alabama,Blount County
10101,Alabama,Bullock County
19448,Alabama,Butler County
113605,Alabama,Calhoun County
33254,Alabama,Chambers County
26196,Alabama,Cherokee County
44428,Alabama,Chilton County
12589,Alabama,Choctaw County
23622,Alabama,Clarke County
13235,Alabama,Clay County
14910,Alabama,Cleburne County
52342,Alabama,Coffee County
55241,Alabama,Colbert County
12067,Alabama,Conecuh County
10663,Alabama,Coosa County
37049,Alabama,Covington County
13772,Alabama,Crenshaw County
83768,Alabama,Cullman County
49172,Alabama,Dale County
37196,Alabama,Dallas County
71513,Alabama,DeKalb County
81209,Alabama,Elmore County
36633,Alabama,Escambia County
102268,Alabama,Etowah County
16302,Alabama,Fayette County
31362,Alabama,Franklin County
26271,Alabama,Geneva County
8111,Alabama,Greene County
14651,Alabama,Hale County
17205,Alabama,Henry County
105882,Alabama,Houston County
51626,Alabama,Jackson County
658573,Alabama,Jefferson County
13805,Alabama,Lamar County
92729,Alabama,Lauderdale County
32924,Alabama,Lawrence County
164542,Alabama,Lee County
98915,Alabama,Limestone County
9726,Alabama,Lowndes County
18068,Alabama,Macon County
372909,Alabama,Madison County
18863,Alabama,Marengo County
29709,Alabama,Marion County
96774,Alabama,Marshall County
413210,Alabama,Mobile County
20733,Alabama,Monroe County
226486,Alabama,Montgomery County
119679,Alabama,Morgan County
8923,Alabama,Perry County
19930,Alabama,Pickens County
33114,Alabama,Pike County
22722,Alabama,Randolph County
57961,Alabama,Russell County
89512,Alabama,St. Clair County
217702,Alabama,Shelby County
12427,Alabama,Sumter County
79978,Alabama,Talladega County
40367,Alabama,Tallapoosa County
209355,Alabama,Tuscaloosa County
63521,Alabama,Walker County
16326,Alabama,Washington County
10373,Alabama,Wilcox County
23629,Alabama,Winston County
731545,Alaska,Alaska
3337,Alaska,Aleutians East Borough
5634,Alaska,Aleutians West Census Area
288000,Alaska,Anchorage Municipality
18386,Alaska,Bethel Census Area
836,Alaska,Bristol Bay Borough
2097,Alaska,Denali Borough
4916,Alaska,Dillingham Census Area
96849,Alaska,Fairbanks North Star Borough
2530,Alaska,Haines Borough
2148,Alaska,Hoonah-Angoon Census Area
31974,Alaska,Juneau City and Borough
58708,Alaska,Kenai Peninsula Borough
13901,Alaska,Ketchikan Gateway Borough
12998,Alaska,Kodiak Island Borough
8314,Alaska,Kusilvak Census Area
1592,Alaska,Lake and Peninsula Borough
108317,Alaska,Matanuska-Susitna Borough
10004,Alaska,Nome Census Area
9832,Alaska,North Slope Borough
7621,Alaska,Northwest Arctic Borough
3266,Alaska,Petersburg Borough
6203,Alaska,Prince of Wales-Hyder Census Area
8493,Alaska,Sitka City and Borough
1183,Alaska,Skagway Municipality
6893,Alaska,Southeast Fairbanks Census Area
9202,Alaska,Valdez-Cordova Census Area
2502,Alaska,Wrangell City and Borough
579,Alaska,Yakutat City and Borough
5230,Alaska,Yukon-Koyukuk Census Area
7278717,Arizona,Arizona
71887,Arizona,Apache County
125922,Arizona,Cochise County
143476,Arizona,Coconino County
54018,Arizona,Gila County
38837,Arizona,Graham County
9498,Arizona,Greenlee County
21108,Arizona,La Paz County
4485414,Arizona,Maricopa County
212181,Arizona,Mohave County
110924,Arizona,Navajo County
1047279,Arizona,Pima County
462789,Arizona,Pinal County
46498,Arizona,Santa Cruz County
235099,Arizona,Yavapai County
213787,Arizona,Yuma County
3017804,Arkansas,Arkansas
17486,Arkansas,Arkansas County
19657,Arkansas,Ashley County
41932,Arkansas,Baxter County
279141,Arkansas,Benton County
37432,Arkansas,Boone County
10763,Arkansas,Bradley County
5189,Arkansas,Calhoun County
28380,Arkansas,Carroll County
10118,Arkansas,Chicot County
22320,Arkansas,Clark County
14551,Arkansas,Clay County
24919,Arkansas,Cleburne County
7956,Arkansas,Cleveland County
23457,Arkansas,Columbia County
20846,Arkansas,Conway County
110332,Arkansas,Craighead County
63257,Arkansas,Crawford County
47955,Arkansas,Crittenden County
16419,Arkansas,Cross County
7009,Arkansas,Dallas County
11361,Arkansas,Desha County
18219,Arkansas,Drew County
126007,Arkansas,Faulkner County
17715,Arkansas,Franklin County
12477,Arkansas,Fulton County
99386,Arkansas,Garland County
18265,Arkansas,Grant County
45325,Arkansas,Greene County
21532,Arkansas,Hempstead County
33771,Arkansas,Hot Spring County
13202,Arkansas,Howard County
37825,Arkansas,Independence County
13629,Arkansas,Izard County
16719,Arkansas,Jackson County
66824,Arkansas,Jefferson County
26578,Arkansas,Johnson County
6624,Arkansas,Lafayette County
16406,Arkansas,Lawrence County
8857,Arkansas,Lee County
13024,Arkansas,Lincoln County
12259,Arkansas,Little River County
21466,Arkansas,Logan County
73309,Arkansas,Lonoke County
16576,Arkansas,Madison County
16694,Arkansas,Marion County
43257,Arkansas,Miller County
40651,Arkansas,Mississippi County
6701,Arkansas,Monroe County
8986,Arkansas,Montgomery County
8252,Arkansas,Nevada County
7753,Arkansas,Newton County
23382,Arkansas,Ouachita County
10455,Arkansas,Perry County
17782,Arkansas,Phillips County
10718,Arkansas,Pike County
23528,Arkansas,Poinsett County
19964,Arkansas,Polk County
64072,Arkansas,Pope County
8062,Arkansas,Prairie County
391911,Arkansas,Pulaski County
17958,Arkansas,Randolph County
24994,Arkansas,St. Francis County
122437,Arkansas,Saline County
10281,Arkansas,Scott County
7881,Arkansas,Searcy County
127827,Arkansas,Sebastian County
17007,Arkansas,Sevier County
17442,Arkansas,Sharp County
12506,Arkansas,Stone County
38682,Arkansas,Union County
16545,Arkansas,Van Buren County
239187,Arkansas,Washington County
78753,Arkansas,White County
6320,Arkansas,Woodruff County
21341,Arkansas,Yell County
39512223,California,California
1671329,California,Alameda County
1129,California,Alpine County
39752,California,Amador County
219186,California,Butte County
45905,California,Calaveras County
21547,California,Colusa County
1153526,California,Contra Costa County
27812,California,Del Norte County
192843,California,El Dorado County
999101,California,Fresno County
28393,California,Glenn County
135558,California,Humboldt County
181215,California,Imperial County
18039,California,Inyo County
900202,California,Kern County
152940,California,Kings County
64386,California,Lake County
30573,California,Lassen County
10039107,California,Los Angeles County
157327,California,Madera County
258826,California,Marin County
17203,California,Mariposa County
86749,California,Mendocino County
277680,California,Merced County
8841,California,Modoc County
14444,California,Mono County
434061,California,Monterey County
137744,California,Napa County
99755,California,Nevada County
3175692,California,Orange County
398329,California,Placer County
18807,California,Plumas County
2470546,California,Riverside County
1552058,California,Sacramento County
62808,California,San Benito County
2180085,California,San Bernardino County
3338330,California,San Diego County
881549,California,San Francisco County
762148,California,San Joaquin County
283111,California,San Luis Obispo County
766573,California,San Mateo County
446499,California,Santa Barbara County
1927852,California,Santa Clara County
273213,California,Santa Cruz County
180080,California,Shasta County
3005,California,Sierra County
43539,California,Siskiyou County
447643,California,Solano County
494336,California,Sonoma County
550660,California,Stanislaus County
96971,California,Sutter County
65084,California,Tehama County
12285,California,Trinity County
466195,California,Tulare County
54478,California,Tuolumne County
846006,California,Ventura County
220500,California,Yolo County
78668,California,Yuba County
5758736,Colorado,Colorado
517421,Colorado,Adams County
16233,Colorado,Alamosa County
656590,Colorado,Arapahoe County
14029,Colorado,Archuleta County
3581,Colorado,Baca County
5577,Colorado,Bent County
326196,Colorado,Boulder County
70465,Colorado,Broomfield County
20356,Colorado,Chaffee County
1831,Colorado,Cheyenne County
9700,Colorado,Clear Creek County
8205,Colorado,Conejos County
3887,Colorado,Costilla County
6061,Colorado,Crowley County
5068,Colorado,Custer County
31162,Colorado,Delta County
727211,Colorado,Denver County
2055,Colorado,Dolores County
351154,Colorado,Douglas County
55127,Colorado,Eagle County
26729,Colorado,Elbert County
720403,Colorado,El Paso County
47839,Colorado,Fremont County
60061,Colorado,Garfield County
6243,Colorado,Gilpin County
15734,Colorado,Grand County
17462,Colorado,Gunnison County
820,Colorado,Hinsdale County
6897,Colorado,Huerfano County
1392,Colorado,Jackson County
582881,Colorado,Jefferson County
1406,Colorado,Kiowa County
7097,Colorado,Kit Carson County
8127,Colorado,Lake County
56221,Colorado,La Plata County
356899,Colorado,Larimer County
14506,Colorado,Las Animas County
5701,Colorado,Lincoln County
22409,Colorado,Logan County
154210,Colorado,Mesa County
769,Colorado,Mineral County
13283,Colorado,Moffat County
26183,Colorado,Montezuma County
42758,Colorado,Montrose County
29068,Colorado,Morgan County
18278,Colorado,Otero County
4952,Colorado,Ouray County
18845,Colorado,Park County
4265,Colorado,Phillips County
17767,Colorado,Pitkin County
12172,Colorado,Prowers County
168424,Colorado,Pueblo County
6324,Colorado,Rio Blanco County
11267,Colorado,Rio Grande County
25638,Colorado,Routt County
6824,Colorado,Saguache County
728,Colorado,San Juan County
8179,Colorado,San Miguel County
2248,Colorado,Sedgwick County
31011,Colorado,Summit County
25388,Colorado,Teller County
4908,Colorado,Washington County
324492,Colorado,Weld County
10019,Colorado,Yuma County
3565287,Connecticut,Connecticut
943332,Connecticut,Fairfield County
891720,Connecticut,Hartford County
180333,Connecticut,Litchfield County
162436,Connecticut,Middlesex County
854757,Connecticut,New Haven County
265206,Connecticut,New London County
150721,Connecticut,Tolland County
116782,Connecticut,Windham County
973764,Delaware,Delaware
180786,Delaware,Kent County
558753,Delaware,New Castle County
234225,Delaware,Sussex County
705749,District of Columbia,District of Columbia
705749,District of Columbia,District of Columbia
21477737,Florida,Florida
269043,Florida,Alachua County
29210,Florida,Baker County
174705,Florida,Bay County
28201,Florida,Bradford County
601942,Florida,Brevard County
1952778,Florida,Broward County
14105,Florida,Calhoun County
188910,Florida,Charlotte County
149657,Florida,Citrus County
219252,Florida,Clay County
384902,Florida,Collier County
71686,Florida,Columbia County
38001,Florida,DeSoto County
16826,Florida,Dixie County
957755,Florida,Duval County
318316,Florida,Escambia County
115081,Florida,Flagler County
12125,Florida,Franklin County
45660,Florida,Gadsden County
18582,Florida,Gilchrist County
13811,Florida,Glades County
13639,Florida,Gulf County
14428,Florida,Hamilton County
26937,Florida,Hardee County
42022,Florida,Hendry County
193920,Florida,Hernando County
106221,Florida,Highlands County
1471968,Florida,Hillsborough County
19617,Florida,Holmes County
159923,Florida,Indian River County
46414,Florida,Jackson County
14246,Florida,Jefferson County
8422,Florida,Lafayette County
367118,Florida,Lake County
770577,Florida,Lee County
293582,Florida,Leon County
41503,Florida,Levy County
8354,Florida,Liberty County
18493,Florida,Madison County
403253,Florida,Manatee County
365579,Florida,Marion County
161000,Florida,Martin County
2716940,Florida,Miami-Dade County
74228,Florida,Monroe County
88625,Florida,Nassau County
210738,Florida,Okaloosa County
42168,Florida,Okeechobee County
1393452,Florida,Orange County
375751,Florida,Osceola County
1496770,Florida,Palm Beach County
553947,Florida,Pasco County
974996,Florida,Pinellas County
724777,Florida,Polk County
74521,Florida,Putnam County
264672,Florida,St. Johns County
328297,Florida,St. Lucie County
184313,Florida,Santa Rosa County
433742,Florida,Sarasota County
471826,Florida,Seminole County
132420,Florida,Sumter County
44417,Florida,Suwannee County
21569,Florida,Taylor County
15237,Florida,Union County
553284,Florida,Volusia County
33739,Florida,Wakulla County
74071,Florida,Walton County
25473,Florida,Washington County
10617423,Georgia,Georgia
18386,Georgia,Appling County
8165,Georgia,Atkinson County
11164,Georgia,Bacon County
3038,Georgia,Baker County
44890,Georgia,Baldwin County
19234,Georgia,Banks County
83240,Georgia,Barrow County
107738,Georgia,Bartow County
16700,Georgia,Ben Hill County
19397,Georgia,Berrien County
153159,Georgia,Bibb County
12873,Georgia,Bleckley County
19109,Georgia,Brantley County
15457,Georgia,Brooks County
39627,Georgia,Bryan County
79608,Georgia,Bulloch County
22383,Georgia,Burke County
24936,Georgia,Butts County
6189,Georgia,Calhoun County
54666,Georgia,Camden County
10803,Georgia,Candler County
119992,Georgia,Carroll County
67580,Georgia,Catoosa County
13392,Georgia,Charlton County
289430,Georgia,Chatham County
10907,Georgia,Chattahoochee County
24789,Georgia,Chattooga County
258773,Georgia,Cherokee County
128331,Georgia,Clarke County
2834,Georgia,Clay County
292256,Georgia,Clayton County
6618,Georgia,Clinch County
760141,Georgia,Cobb County
43273,Georgia,Coffee County
45600,Georgia,Colquitt County
156714,Georgia,Columbia County
17270,Georgia,Cook County
148509,Georgia,Coweta County
12404,Georgia,Crawford County
22372,Georgia,Crisp County
16116,Georgia,Dade County
26108,Georgia,Dawson County
26404,Georgia,Decatur County
759297,Georgia,DeKalb County
20605,Georgia,Dodge County
13390,Georgia,Dooly County
87956,Georgia,Dougherty County
146343,Georgia,Douglas County
10190,Georgia,Early County
4006,Georgia,Echols County
64296,Georgia,Effingham County
19194,Georgia,Elbert County
22646,Georgia,Emanuel County
10654,Georgia,Evans County
26188,Georgia,Fannin County
114421,Georgia,Fayette County
98498,Georgia,Floyd County
244252,Georgia,Forsyth County
23349,Georgia,Franklin County
1063937,Georgia,Fulton County
31369,Georgia,Gilmer County
2971,Georgia,Glascock County
85292,Georgia,Glynn County
57963,Georgia,Gordon County
24633,Georgia,Grady County
18324,Georgia,Greene County
936250,Georgia,Gwinnett County
45328,Georgia,Habersham County
204441,Georgia,Hall County
8457,Georgia,Hancock County
29792,Georgia,Haralson County
35236,Georgia,Harris County
26205,Georgia,Hart County
11923,Georgia,Heard County
234561,Georgia,Henry County
157863,Georgia,Houston County
9416,Georgia,Irwin County
72977,Georgia,Jackson County
14219,Georgia,Jasper County
15115,Georgia,Jeff Davis County
15362,Georgia,Jefferson County
8676,Georgia,Jenkins County
9643,Georgia,Johnson County
28735,Georgia,Jones County
19077,Georgia,Lamar County
10423,Georgia,Lanier County
47546,Georgia,Laurens County
29992,Georgia,Lee County
61435,Georgia,Liberty County
7921,Georgia,Lincoln County
19559,Georgia,Long County
117406,Georgia,Lowndes County
33610,Georgia,Lumpkin County
21312,Georgia,McDuffie County
14378,Georgia,McIntosh County
12947,Georgia,Macon County
29880,Georgia,Madison County
8359,Georgia,Marion County
21167,Georgia,Meriwether County
5718,Georgia,Miller County
21863,Georgia,Mitchell County
27578,Georgia,Monroe County
9172,Georgia,Montgomery County
19276,Georgia,Morgan County
40096,Georgia,Murray County
195769,Georgia,Muscogee County
111744,Georgia,Newton County
40280,Georgia,Oconee County
15259,Georgia,Oglethorpe County
168667,Georgia,Paulding County
27546,Georgia,Peach County
32591,Georgia,Pickens County
19465,Georgia,Pierce County
18962,Georgia,Pike County
42613,Georgia,Polk County
11137,Georgia,Pulaski County
22119,Georgia,Putnam County
2299,Georgia,Quitman County
17137,Georgia,Rabun County
6778,Georgia,Randolph County
202518,Georgia,Richmond County
90896,Georgia,Rockdale County
5257,Georgia,Schley County
13966,Georgia,Screven County
8090,Georgia,Seminole County
66703,Georgia,Spalding County
25925,Georgia,Stephens County
6621,Georgia,Stewart County
29524,Georgia,Sumter County
6195,Georgia,Talbot County
1537,Georgia,Taliaferro County
25286,Georgia,Tattnall County
8020,Georgia,Taylor County
15860,Georgia,Telfair County
8531,Georgia,Terrell County
44451,Georgia,Thomas County
40644,Georgia,Tift County
26830,Georgia,Toombs County
12037,Georgia,Towns County
6901,Georgia,Treutlen County
69922,Georgia,Troup County
7985,Georgia,Turner County
8120,Georgia,Twiggs County
24511,Georgia,Union County
26320,Georgia,Upson County
69761,Georgia,Walker County
94593,Georgia,Walton County
35734,Georgia,Ware County
5254,Georgia,Warren County
20374,Georgia,Washington County
29927,Georgia,Wayne County
2607,Georgia,Webster County
7855,Georgia,Wheeler County
30798,Georgia,White County
104628,Georgia,Whitfield County
8635,Georgia,Wilcox County
9777,Georgia,Wilkes County
8954,Georgia,Wilkinson County
20247,Georgia,Worth County
1415872,Hawaii,Hawaii
201513,Hawaii,Hawaii County
974563,Hawaii,Honolulu County
86,Hawaii,Kalawao County
72293,Hawaii,Kauai County
167417,Hawaii,Maui County
1787065,Idaho,Idaho
481587,Idaho,Ada County
4294,Idaho,Adams County
87808,Idaho,Bannock County
6125,Idaho,Bear Lake County
9298,Idaho,Benewah County
46811,Idaho,Bingham County
23021,Idaho,Blaine County
7831,Idaho,Boise County
45739,Idaho,Bonner County
119062,Idaho,Bonneville County
12245,Idaho,Boundary County
2597,Idaho,Butte County
1106,Idaho,Camas County
229849,Idaho,Canyon County
7155,Idaho,Caribou County
24030,Idaho,Cassia County
845,Idaho,Clark County
8756,Idaho,Clearwater County
4315,Idaho,Custer County
27511,Idaho,Elmore County
13876,Idaho,Franklin County
13099,Idaho,Fremont County
18112,Idaho,Gem County
15179,Idaho,Gooding County
16667,Idaho,Idaho County
29871,Idaho,Jefferson County
24412,Idaho,Jerome County
165697,Idaho,Kootenai County
40108,Idaho,Latah County
8027,Idaho,Lemhi County
3838,Idaho,Lewis County
5366,Idaho,Lincoln County
39907,Idaho,Madison County
21039,Idaho,Minidoka County
40408,Idaho,Nez Perce County
4531,Idaho,Oneida County
11823,Idaho,Owyhee County
23951,Idaho,Payette County
7681,Idaho,Power County
12882,Idaho,Shoshone County
12142,Idaho,Teton County
86878,Idaho,Twin Falls County
11392,Idaho,Valley County
10194,Idaho,Washington County
12671821,Illinois,Illinois
65435,Illinois,Adams County
5761,Illinois,Alexander County
16426,Illinois,Bond County
53544,Illinois,Boone County
6578,Illinois,Brown County
32628,Illinois,Bureau County
4739,Illinois,Calhoun County
14305,Illinois,Carroll County
12147,Illinois,Cass County
209689,Illinois,Champaign County
32304,Illinois,Christian County
15441,Illinois,Clark County
13184,Illinois,Clay County
37562,Illinois,Clinton County
50621,Illinois,Coles County
5150233,Illinois,Cook County
18667,Illinois,Crawford County
10766,Illinois,Cumberland County
104897,Illinois,DeKalb County
15638,Illinois,De Witt County
19465,Illinois,Douglas County
922921,Illinois,DuPage County
17161,Illinois,Edgar County
6395,Illinois,Edwards County
34008,Illinois,Effingham County
21336,Illinois,Fayette County
12961,Illinois,Ford County
38469,Illinois,Franklin County
34340,Illinois,Fulton County
4828,Illinois,Gallatin County
12969,Illinois,Greene County
51054,Illinois,Grundy County
8116,Illinois,Hamilton County
17708,Illinois,Hancock County
3821,Illinois,Hardin County
6646,Illinois,Henderson County
48913,Illinois,Henry County
27114,Illinois,Iroquois County
56750,Illinois,Jackson County
9610,Illinois,Jasper County
37684,Illinois,Jefferson County
21773,Illinois,Jersey County
21235,Illinois,Jo Daviess County
12417,Illinois,Johnson County
532403,Illinois,Kane County
109862,Illinois,Kankakee County
128990,Illinois,Kendall County
49699,Illinois,Knox County
696535,Illinois,Lake County
108669,Illinois,LaSalle County
15678,Illinois,Lawrence County
34096,Illinois,Lee County
35648,Illinois,Livingston County
28618,Illinois,Logan County
29682,Illinois,McDonough County
307774,Illinois,McHenry County
171517,Illinois,McLean County
104009,Illinois,Macon County
44926,Illinois,Macoupin County
262966,Illinois,Madison County
37205,Illinois,Marion County
11438,Illinois,Marshall County
13359,Illinois,Mason County
13772,Illinois,Massac County
12196,Illinois,Menard County
15437,Illinois,Mercer County
34637,Illinois,Monroe County
28414,Illinois,Montgomery County
33658,Illinois,Morgan County
14501,Illinois,Moultrie County
50643,Illinois,Ogle County
179179,Illinois,Peoria County
20916,Illinois,Perry County
16344,Illinois,Piatt County
15561,Illinois,Pike County
4177,Illinois,Pope County
5335,Illinois,Pulaski County
5739,Illinois,Putnam County
31782,Illinois,Randolph County
15513,Illinois,Richland County
141879,Illinois,Rock Island County
259686,Illinois,St. Clair County
23491,Illinois,Saline County
194672,Illinois,Sangamon County
6768,Illinois,Schuyler County
4951,Illinois,Scott County
21634,Illinois,Shelby County
5342,Illinois,Stark County
44498,Illinois,Stephenson County
131803,Illinois,Tazewell County
16653,Illinois,Union County
75758,Illinois,Vermilion County
11520,Illinois,Wabash County
16844,Illinois,Warren County
13887,Illinois,Washington County
16215,Illinois,Wayne County
13537,Illinois,White County
55175,Illinois,Whiteside County
690743,Illinois,Will County
66597,Illinois,Williamson County
282572,Illinois,Winnebago County
38459,Illinois,Woodford County
6732219,Indiana,Indiana
35777,Indiana,Adams County
379299,Indiana,Allen County
83779,Indiana,Bartholomew County
8748,Indiana,Benton County
11758,Indiana,Blackford County
67843,Indiana,Boone County
15092,Indiana,Brown County
20257,Indiana,Carroll County
37689,Indiana,Cass County
118302,Indiana,Clark County
26225,Indiana,Clay County
32399,Indiana,Clinton County
10577,Indiana,Crawford County
33351,Indiana,Daviess County
49458,Indiana,Dearborn County
26559,Indiana,Decatur County
43475,Indiana,DeKalb County
114135,Indiana,Delaware County
42736,Indiana,Dubois County
206341,Indiana,Elkhart County
23102,Indiana,Fayette County
78522,Indiana,Floyd County
16346,Indiana,Fountain County
22758,Indiana,Franklin County
19974,Indiana,Fulton County
33659,Indiana,Gibson County
65769,Indiana,Grant County
31922,Indiana,Greene County
338011,Indiana,Hamilton County
78168,Indiana,Hancock County
40515,Indiana,Harrison County
170311,Indiana,Hendricks County
47972,Indiana,Henry County
82544,Indiana,Howard County
36520,Indiana,Huntington County
44231,Indiana,Jackson County
33562,Indiana,Jasper County
20436,Indiana,Jay County
32308,Indiana,Jefferson County
27735,Indiana,Jennings County
158167,Indiana,Johnson County
36594,Indiana,Knox County
79456,Indiana,Kosciusko County
39614,Indiana,LaGrange County
485493,Indiana,Lake County
109888,Indiana,LaPorte County
45370,Indiana,Lawrence County
129569,Indiana,Madison County
964582,Indiana,Marion County
46258,Indiana,Marshall County
10255,Indiana,Martin County
35516,Indiana,Miami County
148431,Indiana,Monroe County
38338,Indiana,Montgomery County
70489,Indiana,Morgan County
13984,Indiana,Newton County
47744,Indiana,Noble County
5875,Indiana,Ohio County
19646,Indiana,Orange County
20799,Indiana,Owen County
16937,Indiana,Parke County
19169,Indiana,Perry County
12389,Indiana,Pike County
170389,Indiana,Porter County
25427,Indiana,Posey County
12353,Indiana,Pulaski County
37576,Indiana,Putnam County
24665,Indiana,Randolph County
28324,Indiana,Ripley County
16581,Indiana,Rush County
271826,Indiana,St. Joseph County
23873,Indiana,Scott County
44729,Indiana,Shelby County
20277,Indiana,Spencer County
22995,Indiana,Starke County
34594,Indiana,Steuben County
20669,Indiana,Sullivan County
10751,Indiana,Switzerland County
195732,Indiana,Tippecanoe County
15148,Indiana,Tipton County
7054,Indiana,Union County
181451,Indiana,Vanderburgh County
15498,Indiana,Vermillion County
107038,Indiana,Vigo County
30996,Indiana,Wabash County
8265,Indiana,Warren County
62998,Indiana,Warrick County
28036,Indiana,Washington County
65884,Indiana,Wayne County
28296,Indiana,Wells County
24102,Indiana,White County
33964,Indiana,Whitley County
3155070,Iowa,Iowa
7152,Iowa,Adair County
3602,Iowa,Adams County
13687,Iowa,Allamakee County
12426,Iowa,Appanoose County
5496,Iowa,Audubon County
25645,Iowa,Benton County
131228,Iowa,Black Hawk County
26234,Iowa,Boone County
25062,Iowa,Bremer County
21175,Iowa,Buchanan County
19620,Iowa,Buena Vista County
14439,Iowa,Butler County
9668,Iowa,Calhoun County
20165,Iowa,Carroll County
12836,Iowa,Cass County
18627,Iowa,Cedar County
42450,Iowa,Cerro Gordo County
11235,Iowa,Cherokee County
11933,Iowa,Chickasaw County
9395,Iowa,Clarke County
16016,Iowa,Clay County
17549,Iowa,Clayton County
46429,Iowa,Clinton County
16820,Iowa,Crawford County
93453,Iowa,Dallas County
9000,Iowa,Davis County
7870,Iowa,Decatur County
17011,Iowa,Delaware County
38967,Iowa,Des Moines County
17258,Iowa,Dickinson County
97311,Iowa,Dubuque County
9208,Iowa,Emmet County
19650,Iowa,Fayette County
15642,Iowa,Floyd County
10070,Iowa,Franklin County
6960,Iowa,Fremont County
8888,Iowa,Greene County
12232,Iowa,Grundy County
10689,Iowa,Guthrie County
14773,Iowa,Hamilton County
10630,Iowa,Hancock County
16846,Iowa,Hardin County
14049,Iowa,Harrison County
19954,Iowa,Henry County
9158,Iowa,Howard County
9558,Iowa,Humboldt County
6860,Iowa,Ida County
16184,Iowa,Iowa County
19439,Iowa,Jackson County
37185,Iowa,Jasper County
18295,Iowa,Jefferson County
151140,Iowa,Johnson County
20681,Iowa,Jones County
10246,Iowa,Keokuk County
14813,Iowa,Kossuth County
33657,Iowa,Lee County
226706,Iowa,Linn County
11035,Iowa,Louisa County
8600,Iowa,Lucas County
11755,Iowa,Lyon County
16338,Iowa,Madison County
22095,Iowa,Mahaska County
33253,Iowa,Marion County
39369,Iowa,Marshall County
15109,Iowa,Mills County
10586,Iowa,Mitchell County
8615,Iowa,Monona County
7707,Iowa,Monroe County
9917,Iowa,Montgomery County
42664,Iowa,Muscatine County
13753,Iowa,O'Brien County
5958,Iowa,Osceola County
15107,Iowa,Page County
8886,Iowa,Palo Alto County
25177,Iowa,Plymouth County
6619,Iowa,Pocahontas County
490161,Iowa,Polk County
93206,Iowa,Pottawattamie County
18504,Iowa,Poweshiek County
4894,Iowa,Ringgold County
9721,Iowa,Sac County
172943,Iowa,Scott County
11454,Iowa,Shelby County
34855,Iowa,Sioux County
97117,Iowa,Story County
16854,Iowa,Tama County
6121,Iowa,Taylor County
12241,Iowa,Union County
7044,Iowa,Van Buren County
34969,Iowa,Wapello County
51466,Iowa,Warren County
21965,Iowa,Washington County
6441,Iowa,Wayne County
35904,Iowa,Webster County
10354,Iowa,Winnebago County
19991,Iowa,Winneshiek County
103107,Iowa,Woodbury County
7381,Iowa,Worth County
12562,Iowa,Wright County
2913314,Kansas,Kansas
12369,Kansas,Allen County
7858,Kansas,Anderson County
16073,Kansas,Atchison County
4427,Kansas,Barber County
25779,Kansas,Barton County
14534,Kansas,Bourbon County
9564,Kansas,Brown County
66911,Kansas,Butler County
2648,Kansas,Chase County
3250,Kansas,Chautauqua County
19939,Kansas,Cherokee County
2657,Kansas,Cheyenne County
1994,Kansas,Clark County
8002,Kansas,Clay County
8786,Kansas,Cloud County
8179,Kansas,Coffey County
1700,Kansas,Comanche County
34908,Kansas,Cowley County
38818,Kansas,Crawford County
2827,Kansas,Decatur County
18466,Kansas,Dickinson County
7600,Kansas,Doniphan County
122259,Kansas,Douglas County
2798,Kansas,Edwards County
2530,Kansas,Elk County
28553,Kansas,Ellis County
6102,Kansas,Ellsworth County
36467,Kansas,Finney County
33619,Kansas,Ford County
25544,Kansas,Franklin County
31670,Kansas,Geary County
2636,Kansas,Gove County
2482,Kansas,Graham County
7150,Kansas,Grant County
5988,Kansas,Gray County
1232,Kansas,Greeley County
5982,Kansas,Greenwood County
2539,Kansas,Hamilton County
5436,Kansas,Harper County
34429,Kansas,Harvey County
3968,Kansas,Haskell County
1794,Kansas,Hodgeman County
13171,Kansas,Jackson County
19043,Kansas,Jefferson County
2879,Kansas,Jewell County
602401,Kansas,Johnson County
3838,Kansas,Kearny County
7152,Kansas,Kingman County
2475,Kansas,Kiowa County
19618,Kansas,Labette County
1535,Kansas,Lane County
81758,Kansas,Leavenworth County
2962,Kansas,Lincoln County
9703,Kansas,Linn County
2794,Kansas,Logan County
33195,Kansas,Lyon County
28542,Kansas,McPherson County
11884,Kansas,Marion County
9707,Kansas,Marshall County
4033,Kansas,Meade County
34237,Kansas,Miami County
5979,Kansas,Mitchell County
31829,Kansas,Montgomery County
5620,Kansas,Morris County
2587,Kansas,Morton County
10231,Kansas,Nemaha County
16007,Kansas,Neosho County
2750,Kansas,Ness County
5361,Kansas,Norton County
15949,Kansas,Osage County
3421,Kansas,Osborne County
5704,Kansas,Ottawa County
6414,Kansas,Pawnee County
5234,Kansas,Phillips County
24383,Kansas,Pottawatomie County
9164,Kansas,Pratt County
2530,Kansas,Rawlins County
61998,Kansas,Reno County
4636,Kansas,Republic County
9537,Kansas,Rice County
74232,Kansas,Riley County
4920,Kansas,Rooks County
3036,Kansas,Rush County
6856,Kansas,Russell County
54224,Kansas,Saline County
4823,Kansas,Scott County
516042,Kansas,Sedgwick County
21428,Kansas,Seward County
176875,Kansas,Shawnee County
2521,Kansas,Sheridan County
5917,Kansas,Sherman County
3583,Kansas,Smith County
4156,Kansas,Stafford County
2006,Kansas,Stanton County
5485,Kansas,Stevens County
22836,Kansas,Sumner County
7777,Kansas,Thomas County
2803,Kansas,Trego County
6931,Kansas,Wabaunsee County
1518,Kansas,Wallace County
5406,Kansas,Washington County
2119,Kansas,Wichita County
8525,Kansas,Wilson County
3138,Kansas,Woodson County
165429,Kansas,Wyandotte County
4467673,Kentucky,Kentucky
19202,Kentucky,Adair County
21315,Kentucky,Allen County
22747,Kentucky,Anderson County
7888,Kentucky,Ballard County
44249,Kentucky,Barren County
12500,Kentucky,Bath County
26032,Kentucky,Bell County
133581,Kentucky,Boone County
19788,Kentucky,Bourbon County
46718,Kentucky,Boyd County
30060,Kentucky,Boyle County
8303,Kentucky,Bracken County
12630,Kentucky,Breathitt County
20477,Kentucky,Breckinridge County
81676,Kentucky,Bullitt County
12879,Kentucky,Butler County
12747,Kentucky,Caldwell County
39001,Kentucky,Calloway County
93584,Kentucky,Campbell County
4760,Kentucky,Carlisle County
10631,Kentucky,Carroll County
26797,Kentucky,Carter County
16159,Kentucky,Casey County
70461,Kentucky,Christian County
36263,Kentucky,Clark County
19901,Kentucky,Clay County
10218,Kentucky,Clinton County
8806,Kentucky,Crittenden County
6614,Kentucky,Cumberland County
101511,Kentucky,Daviess County
12150,Kentucky,Edmonson County
7517,Kentucky,Elliott County
14106,Kentucky,Estill County
323152,Kentucky,Fayette County
14581,Kentucky,Fleming County
35589,Kentucky,Floyd County
50991,Kentucky,Franklin County
5969,Kentucky,Fulton County
8869,Kentucky,Gallatin County
17666,Kentucky,Garrard County
25069,Kentucky,Grant County
37266,Kentucky,Graves County
26427,Kentucky,Grayson County
10941,Kentucky,Green County
35098,Kentucky,Greenup County
8722,Kentucky,Hancock County
110958,Kentucky,Hardin County
26010,Kentucky,Harlan County
18886,Kentucky,Harrison County
19035,Kentucky,Hart County
45210,Kentucky,Henderson County
16126,Kentucky,Henry County
4380,Kentucky,Hickman County
44686,Kentucky,Hopkins County
13329,Kentucky,Jackson County
766757,Kentucky,Jefferson County
54115,Kentucky,Jessamine County
22188,Kentucky,Johnson County
166998,Kentucky,Kenton County
14806,Kentucky,Knott County
31145,Kentucky,Knox County
14398,Kentucky,Larue County
60813,Kentucky,Laurel County
15317,Kentucky,Lawrence County
7403,Kentucky,Lee County
9877,Kentucky,Leslie County
21553,Kentucky,Letcher County
13275,Kentucky,Lewis County
24549,Kentucky,Lincoln County
9194,Kentucky,Livingston County
27102,Kentucky,Logan County
8210,Kentucky,Lyon County
65418,Kentucky,McCracken County
17231,Kentucky,McCreary County
9207,Kentucky,McLean County
92987,Kentucky,Madison County
12161,Kentucky,Magoffin County
19273,Kentucky,Marion County
31100,Kentucky,Marshall County
11195,Kentucky,Martin County
17070,Kentucky,Mason County
28572,Kentucky,Meade County
6489,Kentucky,Menifee County
21933,Kentucky,Mercer County
10071,Kentucky,Metcalfe County
10650,Kentucky,Monroe County
28157,Kentucky,Montgomery County
13309,Kentucky,Morgan County
30622,Kentucky,Muhlenberg County
46233,Kentucky,Nelson County
7269,Kentucky,Nicholas County
23994,Kentucky,Ohio County
66799,Kentucky,Oldham County
10901,Kentucky,Owen County
4415,Kentucky,Owsley County
14590,Kentucky,Pendleton County
25758,Kentucky,Perry County
57876,Kentucky,Pike County
12359,Kentucky,Powell County
64979,Kentucky,Pulaski County
2108,Kentucky,Robertson County
16695,Kentucky,Rockcastle County
24460,Kentucky,Rowan County
17923,Kentucky,Russell County
57004,Kentucky,Scott County
49024,Kentucky,Shelby County
18572,Kentucky,Simpson County
19351,Kentucky,Spencer County
25769,Kentucky,Taylor County
12294,Kentucky,Todd County
14651,Kentucky,Trigg County
8471,Kentucky,Trimble County
14381,Kentucky,Union County
132896,Kentucky,Warren County
12095,Kentucky,Washington County
20333,Kentucky,Wayne County
12942,Kentucky,Webster County
36264,Kentucky,Whitley County
7157,Kentucky,Wolfe County
26734,Kentucky,Woodford County
4648794,Louisiana,Louisiana
62045,Louisiana,Acadia Parish
25627,Louisiana,Allen Parish
126604,Louisiana,Ascension Parish
21891,Louisiana,Assumption Parish
40144,Louisiana,Avoyelles Parish
37497,Louisiana,Beauregard Parish
13241,Louisiana,Bienville Parish
127039,Louisiana,Bossier Parish
240204,Louisiana,Caddo Parish
203436,Louisiana,Calcasieu Parish
9918,Louisiana,Caldwell Parish
6973,Louisiana,Cameron Parish
9494,Louisiana,Catahoula Parish
15670,Louisiana,Claiborne Parish
19259,Louisiana,Concordia Parish
27463,Louisiana,De Soto Parish
440059,Louisiana,East Baton Rouge Parish
6861,Louisiana,East Carroll Parish
19135,Louisiana,East Feliciana Parish
33395,Louisiana,Evangeline Parish
20015,Louisiana,Franklin Parish
22389,Louisiana,Grant Parish
69830,Louisiana,Iberia Parish
32511,Louisiana,Iberville Parish
15744,Louisiana,Jackson Parish
432493,Louisiana,Jefferson Parish
31368,Louisiana,Jefferson Davis Parish
244390,Louisiana,Lafayette Parish
97614,Louisiana,Lafourche Parish
14892,Louisiana,LaSalle Parish
46742,Louisiana,Lincoln Parish
140789,Louisiana,Livingston Parish
10951,Louisiana,Madison Parish
24874,Louisiana,Morehouse Parish
38158,Louisiana,Natchitoches Parish
390144,Louisiana,Orleans Parish
153279,Louisiana,Ouachita Parish
23197,Louisiana,Plaquemines Parish
21730,Louisiana,Pointe Coupee Parish
129648,Louisiana,Rapides Parish
8442,Louisiana,Red River Parish
20122,Louisiana,Richland Parish
23884,Louisiana,Sabine Parish
47244,Louisiana,St. Bernard Parish
53100,Louisiana,St. Charles Parish
10132,Louisiana,St. Helena Parish
21096,Louisiana,St. James Parish
42837,Louisiana,St. John the Baptist Parish
82124,Louisiana,St. Landry Parish
53431,Louisiana,St. Martin Parish
49348,Louisiana,St. Mary Parish
260419,Louisiana,St. Tammany Parish
134758,Louisiana,Tangipahoa Parish
4334,Louisiana,Tensas Parish
110461,Louisiana,Terrebonne Parish
22108,Louisiana,Union Parish
59511,Louisiana,Vermilion Parish
47429,Louisiana,Vernon Parish
46194,Louisiana,Washington Parish
38340,Louisiana,Webster Parish
26465,Louisiana,West Baton Rouge Parish
10830,Louisiana,West Carroll Parish
15568,Louisiana,West Feliciana Parish
13904,Louisiana,Winn Parish
1344212,Maine,Maine
108277,Maine,Androscoggin County
67055,Maine,Aroostook County
295003,Maine,Cumberland County
30199,Maine,Franklin County
54987,Maine,Hancock County
122302,Maine,Kennebec County
39772,Maine,Knox County
34634,Maine,Lincoln County
57975,Maine,Oxford County
152148,Maine,Penobscot County
16785,Maine,Piscataquis County
35856,Maine,Sagadahoc County
50484,Maine,Somerset County
39715,Maine,Waldo County
31379,Maine,Washington County
207641,Maine,York County
6045680,Maryland,Maryland
70416,Maryland,Allegany County
579234,Maryland,Anne Arundel County
827370,Maryland,Baltimore County
92525,Maryland,Calvert County
33406,Maryland,Caroline County
168447,Maryland,Carroll County
102855,Maryland,Cecil County
163257,Maryland,Charles County
31929,Maryland,Dorchester County
259547,Maryland,Frederick County
29014,Maryland,Garrett County
255441,Maryland,Harford County
325690,Maryland,Howard County
19422,Maryland,Kent County
1050688,Maryland,Montgomery County
909327,Maryland,Prince George's County
50381,Maryland,Queen Anne's County
113510,Maryland,St. Mary's County
25616,Maryland,Somerset County
37181,Maryland,Talbot County
151049,Maryland,Washington County
103609,Maryland,Wicomico County
52276,Maryland,Worcester County
593490,Maryland,Baltimore city
6892503,Massachusetts,Massachusetts
212990,Massachusetts,Barnstable County
124944,Massachusetts,Berkshire County
565217,Massachusetts,Bristol County
17332,Massachusetts,Dukes County
789034,Massachusetts,Essex County
70180,Massachusetts,Franklin County
466372,Massachusetts,Hampden County
160830,Massachusetts,Hampshire County
1611699,Massachusetts,Middlesex County
11399,Massachusetts,Nantucket County
706775,Massachusetts,Norfolk County
521202,Massachusetts,Plymouth County
803907,Massachusetts,Suffolk County
830622,Massachusetts,Worcester County
9986857,Michigan,Michigan
10405,Michigan,Alcona County
9108,Michigan,Alger County
118081,Michigan,Allegan County
28405,Michigan,Alpena County
23324,Michigan,Antrim County
14883,Michigan,Arenac County
8209,Michigan,Baraga County
61550,Michigan,Barry County
103126,Michigan,Bay County
17766,Michigan,Benzie County
153401,Michigan,Berrien County
43517,Michigan,Branch County
134159,Michigan,Calhoun County
51787,Michigan,Cass County
26143,Michigan,Charlevoix County
25276,Michigan,Cheboygan County
37349,Michigan,Chippewa County
30950,Michigan,Clare County
79595,Michigan,Clinton County
14029,Michigan,Crawford County
35784,Michigan,Delta County
25239,Michigan,Dickinson County
110268,Michigan,Eaton County
33415,Michigan,Emmet County
405813,Michigan,Genesee County
25449,Michigan,Gladwin County
13975,Michigan,Gogebic County
93088,Michigan,Grand Traverse County
40711,Michigan,Gratiot County
45605,Michigan,Hillsdale County
35684,Michigan,Houghton County
30981,Michigan,Huron County
292406,Michigan,Ingham County
64697,Michigan,Ionia County
25127,Michigan,Iosco County
11066,Michigan,Iron County
69872,Michigan,Isabella County
158510,Michigan,Jackson County
265066,Michigan,Kalamazoo County
18038,Michigan,Kalkaska County
656955,Michigan,Kent County
2116,Michigan,Keweenaw County
11853,Michigan,Lake County
87607,Michigan,Lapeer County
21761,Michigan,Leelanau County
98451,Michigan,Lenawee County
191995,Michigan,Livingston County
6229,Michigan,Luce County
10799,Michigan,Mackinac County
873972,Michigan,Macomb County
24558,Michigan,Manistee County
66699,Michigan,Marquette County
29144,Michigan,Mason County
43453,Michigan,Mecosta County
22780,Michigan,Menominee County
83156,Michigan,Midland County
15118,Michigan,Missaukee County
150500,Michigan,Monroe County
63888,Michigan,Montcalm County
9328,Michigan,Montmorency County
173566,Michigan,Muskegon County
48980,Michigan,Newaygo County
1257584,Michigan,Oakland County
26467,Michigan,Oceana County
20997,Michigan,Ogemaw County
5720,Michigan,Ontonagon County
23460,Michigan,Osceola County
8241,Michigan,Oscoda County
24668,Michigan,Otsego County
291830,Michigan,Ottawa County
12592,Michigan,Presque Isle County
24019,Michigan,Roscommon County
190539,Michigan,Saginaw County
159128,Michigan,St. Clair County
60964,Michigan,St. Joseph County
41170,Michigan,Sanilac County
8094,Michigan,Schoolcraft County
68122,Michigan,Shiawassee County
52245,Michigan,Tuscola County
75677,Michigan,Van Buren County
367601,Michigan,Washtenaw County
1749343,Michigan,Wayne County
33631,Michigan,Wexford County
5639632,Minnesota,Minnesota
15886,Minnesota,Aitkin County
356921,Minnesota,Anoka County
34423,Minnesota,Becker County
47188,Minnesota,Beltrami County
40889,Minnesota,Benton County
4991,Minnesota,Big Stone County
67653,Minnesota,Blue Earth County
25008,Minnesota,Brown County
35871,Minnesota,Carlton County
105089,Minnesota,Carver County
29779,Minnesota,Cass County
11800,Minnesota,Chippewa County
56579,Minnesota,Chisago County
64222,Minnesota,Clay County
8818,Minnesota,Clearwater County
5463,Minnesota,Cook County
11196,Minnesota,Cottonwood County
65055,Minnesota,Crow Wing County
429021,Minnesota,Dakota County
20934,Minnesota,Dodge County
38141,Minnesota,Douglas County
13653,Minnesota,Faribault County
21067,Minnesota,Fillmore County
30281,Minnesota,Freeborn County
46340,Minnesota,Goodhue County
5972,Minnesota,Grant County
1265843,Minnesota,Hennepin County
18600,Minnesota,Houston County
21491,Minnesota,Hubbard County
40596,Minnesota,Isanti County
45130,Minnesota,Itasca County
9846,Minnesota,Jackson County
16337,Minnesota,Kanabec County
43199,Minnesota,Kandiyohi County
4298,Minnesota,Kittson County
12229,Minnesota,Koochiching County
6623,Minnesota,Lac qui Parle County
10641,Minnesota,Lake County
3740,Minnesota,Lake of the Woods County
28887,Minnesota,Le Sueur County
5639,Minnesota,Lincoln County
25474,Minnesota,Lyon County
35893,Minnesota,McLeod County
5527,Minnesota,Mahnomen County
9336,Minnesota,Marshall County
19683,Minnesota,Martin County
23222,Minnesota,Meeker County
26277,Minnesota,Mille Lacs County
33386,Minnesota,Morrison County
40062,Minnesota,Mower County
8194,Minnesota,Murray County
34274,Minnesota,Nicollet County
21629,Minnesota,Nobles County
6375,Minnesota,Norman County
158293,Minnesota,Olmsted County
58746,Minnesota,Otter Tail County
14119,Minnesota,Pennington County
29579,Minnesota,Pine County
9126,Minnesota,Pipestone County
31364,Minnesota,Polk County
11249,Minnesota,Pope County
550321,Minnesota,Ramsey County
4055,Minnesota,Red Lake County
15170,Minnesota,Redwood County
14548,Minnesota,Renville County
66972,Minnesota,Rice County
9315,Minnesota,Rock County
15165,Minnesota,Roseau County
199070,Minnesota,St. Louis County
149013,Minnesota,Scott County
97238,Minnesota,Sherburne County
14865,Minnesota,Sibley County
161075,Minnesota,Stearns County
36649,Minnesota,Steele County
9805,Minnesota,Stevens County
9266,Minnesota,Swift County
24664,Minnesota,Todd County
3259,Minnesota,Traverse County
21627,Minnesota,Wabasha County
13682,Minnesota,Wadena County
18612,Minnesota,Waseca County
262440,Minnesota,Washington County
10897,Minnesota,Watonwan County
6207,Minnesota,Wilkin County
50484,Minnesota,Winona County
138377,Minnesota,Wright County
9709,Minnesota,Yellow Medicine County
2976149,Mississippi,Mississippi
30693,Mississippi,Adams County
36953,Mississippi,Alcorn County
12297,Mississippi,Amite County
18174,Mississippi,Attala County
8259,Mississippi,Benton County
30628,Mississippi,Bolivar County
14361,Mississippi,Calhoun County
9947,Mississippi,Carroll County
17103,Mississippi,Chickasaw County
8210,Mississippi,Choctaw County
8988,Mississippi,Claiborne County
15541,Mississippi,Clarke County
19316,Mississippi,Clay County
22124,Mississippi,Coahoma County
28065,Mississippi,Copiah County
18636,Mississippi,Covington County
184945,Mississippi,DeSoto County
74897,Mississippi,Forrest County
7713,Mississippi,Franklin County
24500,Mississippi,George County
13586,Mississippi,Greene County
20758,Mississippi,Grenada County
47632,Mississippi,Hancock County
208080,Mississippi,Harrison County
231840,Mississippi,Hinds County
17010,Mississippi,Holmes County
8064,Mississippi,Humphreys County
1327,Mississippi,Issaquena County
23390,Mississippi,Itawamba County
143617,Mississippi,Jackson County
16383,Mississippi,Jasper County
6990,Mississippi,Jefferson County
11128,Mississippi,Jefferson Davis County
68098,Mississippi,Jones County
9742,Mississippi,Kemper County
54019,Mississippi,Lafayette County
63343,Mississippi,Lamar County
74125,Mississippi,Lauderdale County
12586,Mississippi,Lawrence County
22786,Mississippi,Leake County
85436,Mississippi,Lee County
28183,Mississippi,Leflore County
34153,Mississippi,Lincoln County
58595,Mississippi,Lowndes County
106272,Mississippi,Madison County
24573,Mississippi,Marion County
35294,Mississippi,Marshall County
35252,Mississippi,Monroe County
9775,Mississippi,Montgomery County
29118,Mississippi,Neshoba County
21018,Mississippi,Newton County
10417,Mississippi,Noxubee County
49587,Mississippi,Oktibbeha County
34192,Mississippi,Panola County
55535,Mississippi,Pearl River County
11973,Mississippi,Perry County
39288,Mississippi,Pike County
32174,Mississippi,Pontotoc County
25126,Mississippi,Prentiss County
6792,Mississippi,Quitman County
155271,Mississippi,Rankin County
28124,Mississippi,Scott County
4321,Mississippi,Sharkey County
26658,Mississippi,Simpson County
15916,Mississippi,Smith County
18336,Mississippi,Stone County
25110,Mississippi,Sunflower County
13809,Mississippi,Tallahatchie County
28321,Mississippi,Tate County
22015,Mississippi,Tippah County
19383,Mississippi,Tishomingo County
9632,Mississippi,Tunica County
28815,Mississippi,Union County
14286,Mississippi,Walthall County
45381,Mississippi,Warren County
43909,Mississippi,Washington County
20183,Mississippi,Wayne County
9689,Mississippi,Webster County
8630,Mississippi,Wilkinson County
17955,Mississippi,Winston County
12108,Mississippi,Yalobusha County
29690,Mississippi,Yazoo County
6137428,Missouri,Missouri
25343,Missouri,Adair County
17712,Missouri,Andrew County
5143,Missouri,Atchison County
25388,Missouri,Audrain County
35789,Missouri,Barry County
11754,Missouri,Barton County
16172,Missouri,Bates County
19443,Missouri,Benton County
12133,Missouri,Bollinger County
180463,Missouri,Boone County
87364,Missouri,Buchanan County
42478,Missouri,Butler County
9020,Missouri,Caldwell County
44743,Missouri,Callaway County
46305,Missouri,Camden County
78871,Missouri,Cape Girardeau County
8679,Missouri,Carroll County
5982,Missouri,Carter County
105780,Missouri,Cass County
14349,Missouri,Cedar County
7426,Missouri,Chariton County
88595,Missouri,Christian County
6797,Missouri,Clark County
249948,Missouri,Clay County
20387,Missouri,Clinton County
76745,Missouri,Cole County
17709,Missouri,Cooper County
23920,Missouri,Crawford County
7561,Missouri,Dade County
16878,Missouri,Dallas County
8278,Missouri,Daviess County
12547,Missouri,DeKalb County
15573,Missouri,Dent County
13185,Missouri,Douglas County
29131,Missouri,Dunklin County
103967,Missouri,Franklin County
14706,Missouri,Gasconade County
6571,Missouri,Gentry County
293086,Missouri,Greene County
9850,Missouri,Grundy County
8352,Missouri,Harrison County
21824,Missouri,Henry County
9544,Missouri,Hickory County
4403,Missouri,Holt County
10001,Missouri,Howard County
40117,Missouri,Howell County
10125,Missouri,Iron County
703011,Missouri,Jackson County
121328,Missouri,Jasper County
225081,Missouri,Jefferson County
54062,Missouri,Johnson County
3959,Missouri,Knox County
35723,Missouri,Laclede County
32708,Missouri,Lafayette County
38355,Missouri,Lawrence County
9776,Missouri,Lewis County
59013,Missouri,Lincoln County
11920,Missouri,Linn County
15227,Missouri,Livingston County
22837,Missouri,McDonald County
15117,Missouri,Macon County
12088,Missouri,Madison County
8697,Missouri,Maries County
28530,Missouri,Marion County
3617,Missouri,Mercer County
25619,Missouri,Miller County
13180,Missouri,Mississippi County
16132,Missouri,Moniteau County
8644,Missouri,Monroe County
11551,Missouri,Montgomery County
20627,Missouri,Morgan County
17076,Missouri,New Madrid County
58236,Missouri,Newton County
22092,Missouri,Nodaway County
10529,Missouri,Oregon County
13615,Missouri,Osage County
9174,Missouri,Ozark County
15805,Missouri,Pemiscot County
19136,Missouri,Perry County
42339,Missouri,Pettis County
44573,Missouri,Phelps County
18302,Missouri,Pike County
104418,Missouri,Platte County
32149,Missouri,Polk County
52607,Missouri,Pulaski County
4696,Missouri,Putnam County
10309,Missouri,Ralls County
24748,Missouri,Randolph County
23018,Missouri,Ray County
6270,Missouri,Reynolds County
13288,Missouri,Ripley County
402022,Missouri,St. Charles County
9397,Missouri,St. Clair County
17894,Missouri,Ste. Genevieve County
67215,Missouri,St. Francois County
994205,Missouri,St. Louis County
22761,Missouri,Saline County
4660,Missouri,Schuyler County
4902,Missouri,Scotland County
38280,Missouri,Scott County
8166,Missouri,Shannon County
5930,Missouri,Shelby County
29025,Missouri,Stoddard County
31952,Missouri,Stone County
6089,Missouri,Sullivan County
55928,Missouri,Taney County
25398,Missouri,Texas County
20563,Missouri,Vernon County
35649,Missouri,Warren County
24730,Missouri,Washington County
12873,Missouri,Wayne County
39592,Missouri,Webster County
2013,Missouri,Worth County
18289,Missouri,Wright County
300576,Missouri,St. Louis city
1068778,Montana,Montana
9453,Montana,Beaverhead County
13319,Montana,Big Horn County
6681,Montana,Blaine County
6237,Montana,Broadwater County
10725,Montana,Carbon County
1252,Montana,Carter County
81366,Montana,Cascade County
5635,Montana,Chouteau County
11402,Montana,Custer County
1690,Montana,Daniels County
8613,Montana,Dawson County
9140,Montana,Deer Lodge County
2846,Montana,Fallon County
11050,Montana,Fergus County
103806,Montana,Flathead County
114434,Montana,Gallatin County
1258,Montana,Garfield County
13753,Montana,Glacier County
821,Montana,Golden Valley County
3379,Montana,Granite County
16484,Montana,Hill County
12221,Montana,Jefferson County
2007,Montana,Judith Basin County
30458,Montana,Lake County
69432,Montana,Lewis and Clark County
2337,Montana,Liberty County
19980,Montana,Lincoln County
1664,Montana,McCone County
8600,Montana,Madison County
1862,Montana,Meagher County
4397,Montana,Mineral County
119600,Montana,Missoula County
4633,Montana,Musselshell County
16606,Montana,Park County
487,Montana,Petroleum County
3954,Montana,Phillips County
5911,Montana,Pondera County
1682,Montana,Powder River County
6890,Montana,Powell County
1077,Montana,Prairie County
43806,Montana,Ravalli County
10803,Montana,Richland County
11004,Montana,Roosevelt County
8937,Montana,Rosebud County
12113,Montana,Sanders County
3309,Montana,Sheridan County
34915,Montana,Silver Bow County
9642,Montana,Stillwater County
3737,Montana,Sweet Grass County
6147,Montana,Teton County
4736,Montana,Toole County
696,Montana,Treasure County
7396,Montana,Valley County
2126,Montana,Wheatland County
969,Montana,Wibaux County
161300,Montana,Yellowstone County
1934408,Nebraska,Nebraska
31363,Nebraska,Adams County
6298,Nebraska,Antelope County
463,Nebraska,Arthur County
745,Nebraska,Banner County
465,Nebraska,Blaine County
5192,Nebraska,Boone County
10783,Nebraska,Box Butte County
1919,Nebraska,Boyd County
2955,Nebraska,Brown County
49659,Nebraska,Buffalo County
6459,Nebraska,Burt County
8016,Nebraska,Butler County
26248,Nebraska,Cass County
8402,Nebraska,Cedar County
3924,Nebraska,Chase County
5689,Nebraska,Cherry County
8910,Nebraska,Cheyenne County
6203,Nebraska,Clay County
10709,Nebraska,Colfax County
8846,Nebraska,Cuming County
10777,Nebraska,Custer County
20026,Nebraska,Dakota County
8589,Nebraska,Dawes County
23595,Nebraska,Dawson County
1794,Nebraska,Deuel County
5636,Nebraska,Dixon County
36565,Nebraska,Dodge County
571327,Nebraska,Douglas County
1693,Nebraska,Dundy County
5462,Nebraska,Fillmore County
2979,Nebraska,Franklin County
2627,Nebraska,Frontier County
4676,Nebraska,Furnas County
21513,Nebraska,Gage County
1837,Nebraska,Garden County
1969,Nebraska,Garfield County
1990,Nebraska,Gosper County
623,Nebraska,Grant County
2356,Nebraska,Greeley County
61353,Nebraska,Hall County
9324,Nebraska,Hamilton County
3380,Nebraska,Harlan County
922,Nebraska,Hayes County
2762,Nebraska,Hitchcock County
10067,Nebraska,Holt County
682,Nebraska,Hooker County
6445,Nebraska,Howard County
7046,Nebraska,Jefferson County
5071,Nebraska,Johnson County
6495,Nebraska,Kearney County
8034,Nebraska,Keith County
806,Nebraska,Keya Paha County
3632,Nebraska,Kimball County
8332,Nebraska,Knox County
319090,Nebraska,Lancaster County
34914,Nebraska,Lincoln County
748,Nebraska,Logan County
664,Nebraska,Loup County
494,Nebraska,McPherson County
35099,Nebraska,Madison County
7755,Nebraska,Merrick County
4642,Nebraska,Morrill County
3519,Nebraska,Nance County
6972,Nebraska,Nemaha County
4148,Nebraska,Nuckolls County
16012,Nebraska,Otoe County
2613,Nebraska,Pawnee County
2891,Nebraska,Perkins County
9034,Nebraska,Phelps County
7148,Nebraska,Pierce County
33470,Nebraska,Platte County
5213,Nebraska,Polk County
10724,Nebraska,Red Willow County
7865,Nebraska,Richardson County
1357,Nebraska,Rock County
14224,Nebraska,Saline County
187196,Nebraska,Sarpy County
21578,Nebraska,Saunders County
35618,Nebraska,Scotts Bluff County
17284,Nebraska,Seward County
5246,Nebraska,Sheridan County
3001,Nebraska,Sherman County
1166,Nebraska,Sioux County
5920,Nebraska,Stanton County
5003,Nebraska,Thayer County
722,Nebraska,Thomas County
7224,Nebraska,Thurston County
4158,Nebraska,Valley County
20729,Nebraska,Washington County
9385,Nebraska,Wayne County
3487,Nebraska,Webster County
783,Nebraska,Wheeler County
13679,Nebraska,York County
3080156,Nevada,Nevada
24909,Nevada,Churchill County
2266715,Nevada,Clark County
48905,Nevada,Douglas County
52778,Nevada,Elko County
873,Nevada,Esmeralda County
2029,Nevada,Eureka County
16831,Nevada,Humboldt County
5532,Nevada,Lander County
5183,Nevada,Lincoln County
57510,Nevada,Lyon County
4505,Nevada,Mineral County
46523,Nevada,Nye County
6725,Nevada,Pershing County
4123,Nevada,Storey County
471519,Nevada,Washoe County
9580,Nevada,White Pine County
55916,Nevada,Carson City
1359711,New Hampshire,New Hampshire
61303,New Hampshire,Belknap County
48910,New Hampshire,Carroll County
76085,New Hampshire,Cheshire County
31563,New Hampshire,Coos County
89886,New Hampshire,Grafton County
417025,New Hampshire,Hillsborough County
151391,New Hampshire,Merrimack County
309769,New Hampshire,Rockingham County
130633,New Hampshire,Strafford County
43146,New Hampshire,Sullivan County
8882190,New Jersey,New Jersey
263670,New Jersey,Atlantic County
932202,New Jersey,Bergen County
445349,New Jersey,Burlington County
506471,New Jersey,Camden County
92039,New Jersey,Cape May County
149527,New Jersey,Cumberland County
798975,New Jersey,Essex County
291636,New Jersey,Gloucester County
672391,New Jersey,Hudson County
124371,New Jersey,Hunterdon County
367430,New Jersey,Mercer County
825062,New Jersey,Middlesex County
618795,New Jersey,Monmouth County
491845,New Jersey,Morris County
607186,New Jersey,Ocean County
501826,New Jersey,Passaic County
62385,New Jersey,Salem County
328934,New Jersey,Somerset County
140488,New Jersey,Sussex County
556341,New Jersey,Union County
105267,New Jersey,Warren County
2096829,New Mexico,New Mexico
679121,New Mexico,Bernalillo County
3527,New Mexico,Catron County
64615,New Mexico,Chaves County
26675,New Mexico,Cibola County
11941,New Mexico,Colfax County
48954,New Mexico,Curry County
1748,New Mexico,De Baca County
218195,New Mexico,Doa Ana County
58460,New Mexico,Eddy County
26998,New Mexico,Grant County
4300,New Mexico,Guadalupe County
625,New Mexico,Harding County
4198,New Mexico,Hidalgo County
71070,New Mexico,Lea County
19572,New Mexico,Lincoln County
19369,New Mexico,Los Alamos County
23709,New Mexico,Luna County
71367,New Mexico,McKinley County
4521,New Mexico,Mora County
67490,New Mexico,Otero County
8253,New Mexico,Quay County
38921,New Mexico,Rio Arriba County
18500,New Mexico,Roosevelt County
146748,New Mexico,Sandoval County
123958,New Mexico,San Juan County
27277,New Mexico,San Miguel County
150358,New Mexico,Santa Fe County
10791,New Mexico,Sierra County
16637,New Mexico,Socorro County
32723,New Mexico,Taos County
15461,New Mexico,Torrance County
4059,New Mexico,Union County
76688,New Mexico,Valencia County
19453561,New York,New York
305506,New York,Albany County
46091,New York,Allegany County
1418207,New York,Bronx County
190488,New York,Broome County
76117,New York,Cattaraugus County
76576,New York,Cayuga County
126903,New York,Chautauqua County
83456,New York,Chemung County
47207,New York,Chenango County
80485,New York,Clinton County
59461,New York,Columbia County
47581,New York,Cortland County
44135,New York,Delaware County
294218,New York,Dutchess County
918702,New York,Erie County
36885,New York,Essex County
50022,New York,Franklin County
53383,New York,Fulton County
57280,New York,Genesee County
47188,New York,Greene County
4416,New York,Hamilton County
61319,New York,Herkimer County
109834,New York,Jefferson County
2559903,New York,Kings County
26296,New York,Lewis County
62914,New York,Livingston County
70941,New York,Madison County
741770,New York,Monroe County
49221,New York,Montgomery County
1356924,New York,Nassau County
1628706,New York,New York County
209281,New York,Niagara County
228671,New York,Oneida County
460528,New York,Onondaga County
109777,New York,Ontario County
384940,New York,Orange County
40352,New York,Orleans County
117124,New York,Oswego County
59493,New York,Otsego County
98320,New York,Putnam County
2253858,New York,Queens County
158714,New York,Rensselaer County
476143,New York,Richmond County
325789,New York,Rockland County
107740,New York,St. Lawrence County
229863,New York,Saratoga County
155299,New York,Schenectady County
30999,New York,Schoharie County
17807,New York,Schuyler County
34016,New York,Seneca County
95379,New York,Steuben County
1476601,New York,Suffolk County
75432,New York,Sullivan County
48203,New York,Tioga County
102180,New York,Tompkins County
177573,New York,Ulster County
63944,New York,Warren County
61204,New York,Washington County
89918,New York,Wayne County
967506,New York,Westchester County
39859,New York,Wyoming County
24913,New York,Yates County
10488084,North Carolina,North Carolina
169509,North Carolina,Alamance County
37497,North Carolina,Alexander County
11137,North Carolina,Alleghany County
24446,North Carolina,Anson County
27203,North Carolina,Ashe County
17557,North Carolina,Avery County
46994,North Carolina,Beaufort County
18947,North Carolina,Bertie County
32722,North Carolina,Bladen County
142820,North Carolina,Brunswick County
261191,North Carolina,Buncombe County
90485,North Carolina,Burke County
216453,North Carolina,Cabarrus County
82178,North Carolina,Caldwell County
10867,North Carolina,Camden County
69473,North Carolina,Carteret County
22604,North Carolina,Caswell County
159551,North Carolina,Catawba County
74470,North Carolina,Chatham County
28612,North Carolina,Cherokee County
13943,North Carolina,Chowan County
11231,North Carolina,Clay County
97947,North Carolina,Cleveland County
55508,North Carolina,Columbus County
102139,North Carolina,Craven County
335509,North Carolina,Cumberland County
27763,North Carolina,Currituck County
37009,North Carolina,Dare County
167609,North Carolina,Davidson County
42846,North Carolina,Davie County
58741,North Carolina,Duplin County
321488,North Carolina,Durham County
51472,North Carolina,Edgecombe County
382295,North Carolina,Forsyth County
69685,North Carolina,Franklin County
224529,North Carolina,Gaston County
11562,North Carolina,Gates County
8441,North Carolina,Graham County
60443,North Carolina,Granville County
21069,North Carolina,Greene County
537174,North Carolina,Guilford County
50010,North Carolina,Halifax County
135976,North Carolina,Harnett County
62317,North Carolina,Haywood County
117417,North Carolina,Henderson County
23677,North Carolina,Hertford County
55234,North Carolina,Hoke County
4937,North Carolina,Hyde County
181806,North Carolina,Iredell County
43938,North Carolina,Jackson County
209339,North Carolina,Johnston County
9419,North Carolina,Jones County
61779,North Carolina,Lee County
55949,North Carolina,Lenoir County
86111,North Carolina,Lincoln County
45756,North Carolina,McDowell County
35858,North Carolina,Macon County
21755,North Carolina,Madison County
22440,North Carolina,Martin County
1110356,North Carolina,Mecklenburg County
14964,North Carolina,Mitchell County
27173,North Carolina,Montgomery County
100880,North Carolina,Moore County
94298,North Carolina,Nash County
234473,North Carolina,New Hanover County
19483,North Carolina,Northampton County
197938,North Carolina,Onslow County
148476,North Carolina,Orange County
12726,North Carolina,Pamlico County
39824,North Carolina,Pasquotank County
63060,North Carolina,Pender County
13463,North Carolina,Perquimans County
39490,North Carolina,Person County
180742,North Carolina,Pitt County
20724,North Carolina,Polk County
143667,North Carolina,Randolph County
44829,North Carolina,Richmond County
130625,North Carolina,Robeson County
91010,North Carolina,Rockingham County
142088,North Carolina,Rowan County
67029,North Carolina,Rutherford County
63531,North Carolina,Sampson County
34823,North Carolina,Scotland County
62806,North Carolina,Stanly County
45591,North Carolina,Stokes County
71783,North Carolina,Surry County
14271,North Carolina,Swain County
34385,North Carolina,Transylvania County
4016,North Carolina,Tyrrell County
239859,North Carolina,Union County
44535,North Carolina,Vance County
1111761,North Carolina,Wake County
19731,North Carolina,Warren County
11580,North Carolina,Washington County
56177,North Carolina,Watauga County
123131,North Carolina,Wayne County
68412,North Carolina,Wilkes County
81801,North Carolina,Wilson County
37667,North Carolina,Yadkin County
18069,North Carolina,Yancey County
762062,North Dakota,North Dakota
2216,North Dakota,Adams County
10415,North Dakota,Barnes County
6832,North Dakota,Benson County
928,North Dakota,Billings County
6282,North Dakota,Bottineau County
3024,North Dakota,Bowman County
2115,North Dakota,Burke County
95626,North Dakota,Burleigh County
181923,North Dakota,Cass County
3762,North Dakota,Cavalier County
4872,North Dakota,Dickey County
2264,North Dakota,Divide County
4424,North Dakota,Dunn County
2287,North Dakota,Eddy County
3241,North Dakota,Emmons County
3210,North Dakota,Foster County
1761,North Dakota,Golden Valley County
69451,North Dakota,Grand Forks County
2274,North Dakota,Grant County
2231,North Dakota,Griggs County
2499,North Dakota,Hettinger County
2480,North Dakota,Kidder County
4046,North Dakota,LaMoure County
1850,North Dakota,Logan County
5745,North Dakota,McHenry County
2497,North Dakota,McIntosh County
15024,North Dakota,McKenzie County
9450,North Dakota,McLean County
8187,North Dakota,Mercer County
31364,North Dakota,Morton County
10545,North Dakota,Mountrail County
2879,North Dakota,Nelson County
1959,North Dakota,Oliver County
6801,North Dakota,Pembina County
3975,North Dakota,Pierce County
11519,North Dakota,Ramsey County
5218,North Dakota,Ransom County
2327,North Dakota,Renville County
16177,North Dakota,Richland County
14176,North Dakota,Rolette County
3898,North Dakota,Sargent County
1315,North Dakota,Sheridan County
4230,North Dakota,Sioux County
750,North Dakota,Slope County
31489,North Dakota,Stark County
1890,North Dakota,Steele County
20704,North Dakota,Stutsman County
2189,North Dakota,Towner County
8036,North Dakota,Traill County
10641,North Dakota,Walsh County
67641,North Dakota,Ward County
3834,North Dakota,Wells County
37589,North Dakota,Williams County
11689100,Ohio,Ohio
27698,Ohio,Adams County
102351,Ohio,Allen County
53484,Ohio,Ashland County
97241,Ohio,Ashtabula County
65327,Ohio,Athens County
45656,Ohio,Auglaize County
67006,Ohio,Belmont County
43432,Ohio,Brown County
383134,Ohio,Butler County
26914,Ohio,Carroll County
38885,Ohio,Champaign County
134083,Ohio,Clark County
206428,Ohio,Clermont County
41968,Ohio,Clinton County
101883,Ohio,Columbiana County
36600,Ohio,Coshocton County
41494,Ohio,Crawford County
1235072,Ohio,Cuyahoga County
51113,Ohio,Darke County
38087,Ohio,Defiance County
209177,Ohio,Delaware County
74266,Ohio,Erie County
157574,Ohio,Fairfield County
28525,Ohio,Fayette County
1316756,Ohio,Franklin County
42126,Ohio,Fulton County
29898,Ohio,Gallia County
93649,Ohio,Geauga County
168937,Ohio,Greene County
38875,Ohio,Guernsey County
817473,Ohio,Hamilton County
75783,Ohio,Hancock County
31365,Ohio,Hardin County
15040,Ohio,Harrison County
27006,Ohio,Henry County
43161,Ohio,Highland County
28264,Ohio,Hocking County
43960,Ohio,Holmes County
58266,Ohio,Huron County
32413,Ohio,Jackson County
65325,Ohio,Jefferson County
62322,Ohio,Knox County
230149,Ohio,Lake County
59463,Ohio,Lawrence County
176862,Ohio,Licking County
45672,Ohio,Logan County
309833,Ohio,Lorain County
428348,Ohio,Lucas County
44731,Ohio,Madison County
228683,Ohio,Mahoning County
65093,Ohio,Marion County
179746,Ohio,Medina County
22907,Ohio,Meigs County
41172,Ohio,Mercer County
106987,Ohio,Miami County
13654,Ohio,Monroe County
531687,Ohio,Montgomery County
14508,Ohio,Morgan County
35328,Ohio,Morrow County
86215,Ohio,Muskingum County
14424,Ohio,Noble County
40525,Ohio,Ottawa County
18672,Ohio,Paulding County
36134,Ohio,Perry County
58457,Ohio,Pickaway County
27772,Ohio,Pike County
162466,Ohio,Portage County
40882,Ohio,Preble County
33861,Ohio,Putnam County
121154,Ohio,Richland County
76666,Ohio,Ross County
58518,Ohio,Sandusky County
75314,Ohio,Scioto County
55178,Ohio,Seneca County
48590,Ohio,Shelby County
370606,Ohio,Stark County
541013,Ohio,Summit County
197974,Ohio,Trumbull County
91987,Ohio,Tuscarawas County
58988,Ohio,Union County
28275,Ohio,Van Wert County
13085,Ohio,Vinton County
234602,Ohio,Warren County
59911,Ohio,Washington County
115710,Ohio,Wayne County
36692,Ohio,Williams County
130817,Ohio,Wood County
21772,Ohio,Wyandot County
3956971,Oklahoma,Oklahoma
22194,Oklahoma,Adair County
5702,Oklahoma,Alfalfa County
13758,Oklahoma,Atoka County
5311,Oklahoma,Beaver County
21859,Oklahoma,Beckham County
9429,Oklahoma,Blaine County
47995,Oklahoma,Bryan County
28762,Oklahoma,Caddo County
148306,Oklahoma,Canadian County
48111,Oklahoma,Carter County
48657,Oklahoma,Cherokee County
14672,Oklahoma,Choctaw County
2137,Oklahoma,Cimarron County
284014,Oklahoma,Cleveland County
5495,Oklahoma,Coal County
120749,Oklahoma,Comanche County
5666,Oklahoma,Cotton County
14142,Oklahoma,Craig County
71522,Oklahoma,Creek County
29003,Oklahoma,Custer County
43009,Oklahoma,Delaware County
4891,Oklahoma,Dewey County
3859,Oklahoma,Ellis County
61056,Oklahoma,Garfield County
27711,Oklahoma,Garvin County
55834,Oklahoma,Grady County
4333,Oklahoma,Grant County
5712,Oklahoma,Greer County
2653,Oklahoma,Harmon County
3688,Oklahoma,Harper County
12627,Oklahoma,Haskell County
13279,Oklahoma,Hughes County
24530,Oklahoma,Jackson County
6002,Oklahoma,Jefferson County
11085,Oklahoma,Johnston County
43538,Oklahoma,Kay County
15765,Oklahoma,Kingfisher County
8708,Oklahoma,Kiowa County
10073,Oklahoma,Latimer County
49853,Oklahoma,Le Flore County
34877,Oklahoma,Lincoln County
48011,Oklahoma,Logan County
10253,Oklahoma,Love County
40474,Oklahoma,McClain County
32832,Oklahoma,McCurtain County
19596,Oklahoma,McIntosh County
7629,Oklahoma,Major County
16931,Oklahoma,Marshall County
41100,Oklahoma,Mayes County
14073,Oklahoma,Murray County
67997,Oklahoma,Muskogee County
11131,Oklahoma,Noble County
10076,Oklahoma,Nowata County
11993,Oklahoma,Okfuskee County
797434,Oklahoma,Oklahoma County
38465,Oklahoma,Okmulgee County
46963,Oklahoma,Osage County
31127,Oklahoma,Ottawa County
16376,Oklahoma,Pawnee County
81784,Oklahoma,Payne County
43654,Oklahoma,Pittsburg County
38284,Oklahoma,Pontotoc County
72592,Oklahoma,Pottawatomie County
11096,Oklahoma,Pushmataha County
3583,Oklahoma,Roger Mills County
92459,Oklahoma,Rogers County
24258,Oklahoma,Seminole County
41569,Oklahoma,Sequoyah County
43143,Oklahoma,Stephens County
19983,Oklahoma,Texas County
7250,Oklahoma,Tillman County
651552,Oklahoma,Tulsa County
81289,Oklahoma,Wagoner County
51527,Oklahoma,Washington County
10916,Oklahoma,Washita County
8793,Oklahoma,Woods County
20211,Oklahoma,Woodward County
4217737,Oregon,Oregon
16124,Oregon,Baker County
93053,Oregon,Benton County
418187,Oregon,Clackamas County
40224,Oregon,Clatsop County
52354,Oregon,Columbia County
64487,Oregon,Coos County
24404,Oregon,Crook County
22925,Oregon,Curry County
197692,Oregon,Deschutes County
110980,Oregon,Douglas County
1912,Oregon,Gilliam County
7199,Oregon,Grant County
7393,Oregon,Harney County
23382,Oregon,Hood River County
220944,Oregon,Jackson County
24658,Oregon,Jefferson County
87487,Oregon,Josephine County
68238,Oregon,Klamath County
7869,Oregon,Lake County
382067,Oregon,Lane County
49962,Oregon,Lincoln County
129749,Oregon,Linn County
30571,Oregon,Malheur County
347818,Oregon,Marion County
11603,Oregon,Morrow County
812855,Oregon,Multnomah County
86085,Oregon,Polk County
1780,Oregon,Sherman County
27036,Oregon,Tillamook County
77950,Oregon,Umatilla County
26835,Oregon,Union County
7208,Oregon,Wallowa County
26682,Oregon,Wasco County
601592,Oregon,Washington County
1332,Oregon,Wheeler County
107100,Oregon,Yamhill County
12801989,Pennsylvania,Pennsylvania
103009,Pennsylvania,Adams County
1216045,Pennsylvania,Allegheny County
64735,Pennsylvania,Armstrong County
163929,Pennsylvania,Beaver County
47888,Pennsylvania,Bedford County
421164,Pennsylvania,Berks County
121829,Pennsylvania,Blair County
60323,Pennsylvania,Bradford County
628270,Pennsylvania,Bucks County
187853,Pennsylvania,Butler County
130192,Pennsylvania,Cambria County
4447,Pennsylvania,Cameron County
64182,Pennsylvania,Carbon County
162385,Pennsylvania,Centre County
524989,Pennsylvania,Chester County
38438,Pennsylvania,Clarion County
79255,Pennsylvania,Clearfield County
38632,Pennsylvania,Clinton County
64964,Pennsylvania,Columbia County
84629,Pennsylvania,Crawford County
253370,Pennsylvania,Cumberland County
278299,Pennsylvania,Dauphin County
566747,Pennsylvania,Delaware County
29910,Pennsylvania,Elk County
269728,Pennsylvania,Erie County
129274,Pennsylvania,Fayette County
7247,Pennsylvania,Forest County
155027,Pennsylvania,Franklin County
14530,Pennsylvania,Fulton County
36233,Pennsylvania,Greene County
45144,Pennsylvania,Huntingdon County
84073,Pennsylvania,Indiana County
43425,Pennsylvania,Jefferson County
24763,Pennsylvania,Juniata County
209674,Pennsylvania,Lackawanna County
545724,Pennsylvania,Lancaster County
85512,Pennsylvania,Lawrence County
141793,Pennsylvania,Lebanon County
369318,Pennsylvania,Lehigh County
317417,Pennsylvania,Luzerne County
113299,Pennsylvania,Lycoming County
40625,Pennsylvania,McKean County
109424,Pennsylvania,Mercer County
46138,Pennsylvania,Mifflin County
170271,Pennsylvania,Monroe County
830915,Pennsylvania,Montgomery County
18230,Pennsylvania,Montour County
305285,Pennsylvania,Northampton County
90843,Pennsylvania,Northumberland County
46272,Pennsylvania,Perry County
1584064,Pennsylvania,Philadelphia County
55809,Pennsylvania,Pike County
16526,Pennsylvania,Potter County
141359,Pennsylvania,Schuylkill County
40372,Pennsylvania,Snyder County
73447,Pennsylvania,Somerset County
6066,Pennsylvania,Sullivan County
40328,Pennsylvania,Susquehanna County
40591,Pennsylvania,Tioga County
44923,Pennsylvania,Union County
50668,Pennsylvania,Venango County
39191,Pennsylvania,Warren County
206865,Pennsylvania,Washington County
51361,Pennsylvania,Wayne County
348899,Pennsylvania,Westmoreland County
26794,Pennsylvania,Wyoming County
449058,Pennsylvania,York County
1059361,Rhode Island,Rhode Island
48479,Rhode Island,Bristol County
164292,Rhode Island,Kent County
82082,Rhode Island,Newport County
638931,Rhode Island,Providence County
125577,Rhode Island,Washington County
5148714,South Carolina,South Carolina
24527,South Carolina,Abbeville County
170872,South Carolina,Aiken County
8688,South Carolina,Allendale County
202558,South Carolina,Anderson County
14066,South Carolina,Bamberg County
20866,South Carolina,Barnwell County
192122,South Carolina,Beaufort County
227907,South Carolina,Berkeley County
14553,South Carolina,Calhoun County
411406,South Carolina,Charleston County
57300,South Carolina,Cherokee County
32244,South Carolina,Chester County
45650,South Carolina,Chesterfield County
33745,South Carolina,Clarendon County
37677,South Carolina,Colleton County
66618,South Carolina,Darlington County
30479,South Carolina,Dillon County
162809,South Carolina,Dorchester County
27260,South Carolina,Edgefield County
22347,South Carolina,Fairfield County
138293,South Carolina,Florence County
62680,South Carolina,Georgetown County
523542,South Carolina,Greenville County
70811,South Carolina,Greenwood County
19222,South Carolina,Hampton County
354081,South Carolina,Horry County
30073,South Carolina,Jasper County
66551,South Carolina,Kershaw County
98012,South Carolina,Lancaster County
67493,South Carolina,Laurens County
16828,South Carolina,Lee County
298750,South Carolina,Lexington County
9463,South Carolina,McCormick County
30657,South Carolina,Marion County
26118,South Carolina,Marlboro County
38440,South Carolina,Newberry County
79546,South Carolina,Oconee County
86175,South Carolina,Orangeburg County
126884,South Carolina,Pickens County
415759,South Carolina,Richland County
20473,South Carolina,Saluda County
319785,South Carolina,Spartanburg County
106721,South Carolina,Sumter County
27316,South Carolina,Union County
30368,South Carolina,Williamsburg County
280979,South Carolina,York County
884659,South Dakota,South Dakota
2751,South Dakota,Aurora County
18453,South Dakota,Beadle County
3365,South Dakota,Bennett County
6901,South Dakota,Bon Homme County
35077,South Dakota,Brookings County
38839,South Dakota,Brown County
5297,South Dakota,Brule County
1962,South Dakota,Buffalo County
10429,South Dakota,Butte County
1376,South Dakota,Campbell County
9292,South Dakota,Charles Mix County
3736,South Dakota,Clark County
14070,South Dakota,Clay County
28009,South Dakota,Codington County
4086,South Dakota,Corson County
8972,South Dakota,Custer County
19775,South Dakota,Davison County
5424,South Dakota,Day County
4351,South Dakota,Deuel County
5892,South Dakota,Dewey County
2921,South Dakota,Douglas County
3829,South Dakota,Edmunds County
6713,South Dakota,Fall River County
2299,South Dakota,Faulk County
7052,South Dakota,Grant County
4185,South Dakota,Gregory County
1899,South Dakota,Haakon County
6164,South Dakota,Hamlin County
3191,South Dakota,Hand County
3453,South Dakota,Hanson County
1298,South Dakota,Harding County
17526,South Dakota,Hughes County
7291,South Dakota,Hutchinson County
1301,South Dakota,Hyde County
3344,South Dakota,Jackson County
2013,South Dakota,Jerauld County
903,South Dakota,Jones County
4939,South Dakota,Kingsbury County
12797,South Dakota,Lake County
25844,South Dakota,Lawrence County
61128,South Dakota,Lincoln County
3781,South Dakota,Lyman County
5586,South Dakota,McCook County
2379,South Dakota,McPherson County
4935,South Dakota,Marshall County
28332,South Dakota,Meade County
2061,South Dakota,Mellette County
2216,South Dakota,Miner County
193134,South Dakota,Minnehaha County
6576,South Dakota,Moody County
14177,South Dakota,Oglala Lakota County
113775,South Dakota,Pennington County
2865,South Dakota,Perkins County
2153,South Dakota,Potter County
10394,South Dakota,Roberts County
2344,South Dakota,Sanborn County
6376,South Dakota,Spink County
3098,South Dakota,Stanley County
1391,South Dakota,Sully County
10177,South Dakota,Todd County
5441,South Dakota,Tripp County
8384,South Dakota,Turner County
15932,South Dakota,Union County
5435,South Dakota,Walworth County
22814,South Dakota,Yankton County
2756,South Dakota,Ziebach County
6829174,Tennessee,Tennessee
76978,Tennessee,Anderson County
49713,Tennessee,Bedford County
16160,Tennessee,Benton County
15064,Tennessee,Bledsoe County
133088,Tennessee,Blount County
108110,Tennessee,Bradley County
39842,Tennessee,Campbell County
14678,Tennessee,Cannon County
27767,Tennessee,Carroll County
56391,Tennessee,Carter County
40667,Tennessee,Cheatham County
17297,Tennessee,Chester County
31959,Tennessee,Claiborne County
7615,Tennessee,Clay County
36004,Tennessee,Cocke County
56520,Tennessee,Coffee County
14230,Tennessee,Crockett County
60520,Tennessee,Cumberland County
694144,Tennessee,Davidson County
11663,Tennessee,Decatur County
20490,Tennessee,DeKalb County
53948,Tennessee,Dickson County
37159,Tennessee,Dyer County
41133,Tennessee,Fayette County
18523,Tennessee,Fentress County
42208,Tennessee,Franklin County
49133,Tennessee,Gibson County
29464,Tennessee,Giles County
23320,Tennessee,Grainger County
69069,Tennessee,Greene County
13427,Tennessee,Grundy County
64934,Tennessee,Hamblen County
367804,Tennessee,Hamilton County
6620,Tennessee,Hancock County
25050,Tennessee,Hardeman County
25652,Tennessee,Hardin County
56786,Tennessee,Hawkins County
17304,Tennessee,Haywood County
28117,Tennessee,Henderson County
32345,Tennessee,Henry County
25178,Tennessee,Hickman County
8201,Tennessee,Houston County
18582,Tennessee,Humphreys County
11786,Tennessee,Jackson County
54495,Tennessee,Jefferson County
17788,Tennessee,Johnson County
470313,Tennessee,Knox County
7016,Tennessee,Lake County
25633,Tennessee,Lauderdale County
44142,Tennessee,Lawrence County
12268,Tennessee,Lewis County
34366,Tennessee,Lincoln County
54068,Tennessee,Loudon County
53794,Tennessee,McMinn County
25694,Tennessee,McNairy County
24602,Tennessee,Macon County
97984,Tennessee,Madison County
28907,Tennessee,Marion County
34375,Tennessee,Marshall County
96387,Tennessee,Maury County
12422,Tennessee,Meigs County
46545,Tennessee,Monroe County
208993,Tennessee,Montgomery County
6488,Tennessee,Moore County
21403,Tennessee,Morgan County
30069,Tennessee,Obion County
22241,Tennessee,Overton County
8076,Tennessee,Perry County
5048,Tennessee,Pickett County
16832,Tennessee,Polk County
80245,Tennessee,Putnam County
33167,Tennessee,Rhea County
53382,Tennessee,Roane County
71813,Tennessee,Robertson County
332285,Tennessee,Rutherford County
22068,Tennessee,Scott County
15026,Tennessee,Sequatchie County
98250,Tennessee,Sevier County
937166,Tennessee,Shelby County
20157,Tennessee,Smith County
13715,Tennessee,Stewart County
158348,Tennessee,Sullivan County
191283,Tennessee,Sumner County
61599,Tennessee,Tipton County
11284,Tennessee,Trousdale County
17883,Tennessee,Unicoi County
19972,Tennessee,Union County
5872,Tennessee,Van Buren County
41277,Tennessee,Warren County
129375,Tennessee,Washington County
16673,Tennessee,Wayne County
33328,Tennessee,Weakley County
27345,Tennessee,White County
238412,Tennessee,Williamson County
144657,Tennessee,Wilson County
28995881,Texas,Texas
57735,Texas,Anderson County
18705,Texas,Andrews County
86715,Texas,Angelina County
23510,Texas,Aransas County
8553,Texas,Archer County
1887,Texas,Armstrong County
51153,Texas,Atascosa County
30032,Texas,Austin County
7000,Texas,Bailey County
23112,Texas,Bandera County
88723,Texas,Bastrop County
3509,Texas,Baylor County
32565,Texas,Bee County
362924,Texas,Bell County
2003554,Texas,Bexar County
11931,Texas,Blanco County
654,Texas,Borden County
18685,Texas,Bosque County
93245,Texas,Bowie County
374264,Texas,Brazoria County
229211,Texas,Brazos County
9203,Texas,Brewster County
1546,Texas,Briscoe County
7093,Texas,Brooks County
37864,Texas,Brown County
18443,Texas,Burleson County
48155,Texas,Burnet County
43664,Texas,Caldwell County
21290,Texas,Calhoun County
13943,Texas,Callahan County
423163,Texas,Cameron County
13094,Texas,Camp County
5926,Texas,Carson County
30026,Texas,Cass County
7530,Texas,Castro County
43837,Texas,Chambers County
52646,Texas,Cherokee County
7306,Texas,Childress County
10471,Texas,Clay County
2853,Texas,Cochran County
3387,Texas,Coke County
8175,Texas,Coleman County
1034730,Texas,Collin County
2920,Texas,Collingsworth County
21493,Texas,Colorado County
156209,Texas,Comal County
13635,Texas,Comanche County
2726,Texas,Concho County
41257,Texas,Cooke County
75951,Texas,Coryell County
1398,Texas,Cottle County
4797,Texas,Crane County
3464,Texas,Crockett County
5737,Texas,Crosby County
2171,Texas,Culberson County
7287,Texas,Dallam County
2635516,Texas,Dallas County
12728,Texas,Dawson County
18546,Texas,Deaf Smith County
5331,Texas,Delta County
887207,Texas,Denton County
20160,Texas,DeWitt County
2211,Texas,Dickens County
10124,Texas,Dimmit County
3278,Texas,Donley County
11157,Texas,Duval County
18360,Texas,Eastland County
166223,Texas,Ector County
1932,Texas,Edwards County
184826,Texas,Ellis County
839238,Texas,El Paso County
42698,Texas,Erath County
17297,Texas,Falls County
35514,Texas,Fannin County
25346,Texas,Fayette County
3830,Texas,Fisher County
5712,Texas,Floyd County
1155,Texas,Foard County
811688,Texas,Fort Bend County
10725,Texas,Franklin County
19717,Texas,Freestone County
20306,Texas,Frio County
21492,Texas,Gaines County
342139,Texas,Galveston County
6229,Texas,Garza County
26988,Texas,Gillespie County
1409,Texas,Glasscock County
7658,Texas,Goliad County
20837,Texas,Gonzales County
21886,Texas,Gray County
136212,Texas,Grayson County
123945,Texas,Gregg County
28880,Texas,Grimes County
166847,Texas,Guadalupe County
33406,Texas,Hale County
2964,Texas,Hall County
8461,Texas,Hamilton County
5399,Texas,Hansford County
3933,Texas,Hardeman County
57602,Texas,Hardin County
4713325,Texas,Harris County
66553,Texas,Harrison County
5576,Texas,Hartley County
5658,Texas,Haskell County
230191,Texas,Hays County
3819,Texas,Hemphill County
82737,Texas,Henderson County
868707,Texas,Hidalgo County
36649,Texas,Hill County
23021,Texas,Hockley County
61643,Texas,Hood County
37084,Texas,Hopkins County
22968,Texas,Houston County
36664,Texas,Howard County
4886,Texas,Hudspeth County
98594,Texas,Hunt County
20938,Texas,Hutchinson County
1536,Texas,Irion County
8935,Texas,Jack County
14760,Texas,Jackson County
35529,Texas,Jasper County
2274,Texas,Jeff Davis County
251565,Texas,Jefferson County
5200,Texas,Jim Hogg County
40482,Texas,Jim Wells County
175817,Texas,Johnson County
20083,Texas,Jones County
15601,Texas,Karnes County
136154,Texas,Kaufman County
47431,Texas,Kendall County
404,Texas,Kenedy County
762,Texas,Kent County
52600,Texas,Kerr County
4337,Texas,Kimble County
272,Texas,King County
3667,Texas,Kinney County
30680,Texas,Kleberg County
3664,Texas,Knox County
49859,Texas,Lamar County
12893,Texas,Lamb County
21428,Texas,Lampasas County
7520,Texas,La Salle County
20154,Texas,Lavaca County
17239,Texas,Lee County
17404,Texas,Leon County
88219,Texas,Liberty County
23437,Texas,Limestone County
3233,Texas,Lipscomb County
12207,Texas,Live Oak County
21795,Texas,Llano County
169,Texas,Loving County
310569,Texas,Lubbock County
5951,Texas,Lynn County
7984,Texas,McCulloch County
256623,Texas,McLennan County
743,Texas,McMullen County
14284,Texas,Madison County
9854,Texas,Marion County
5771,Texas,Martin County
4274,Texas,Mason County
36643,Texas,Matagorda County
58722,Texas,Maverick County
51584,Texas,Medina County
2138,Texas,Menard County
176832,Texas,Midland County
24823,Texas,Milam County
4873,Texas,Mills County
8545,Texas,Mitchell County
19818,Texas,Montague County
607391,Texas,Montgomery County
20940,Texas,Moore County
12388,Texas,Morris County
1200,Texas,Motley County
65204,Texas,Nacogdoches County
50113,Texas,Navarro County
13595,Texas,Newton County
14714,Texas,Nolan County
362294,Texas,Nueces County
9836,Texas,Ochiltree County
2112,Texas,Oldham County
83396,Texas,Orange County
29189,Texas,Palo Pinto County
23194,Texas,Panola County
142878,Texas,Parker County
9605,Texas,Parmer County
15823,Texas,Pecos County
51353,Texas,Polk County
117415,Texas,Potter County
6704,Texas,Presidio County
12514,Texas,Rains County
137713,Texas,Randall County
3849,Texas,Reagan County
3452,Texas,Real County
12023,Texas,Red River County
15976,Texas,Reeves County
6948,Texas,Refugio County
854,Texas,Roberts County
17074,Texas,Robertson County
104915,Texas,Rockwall County
10264,Texas,Runnels County
54406,Texas,Rusk County
10542,Texas,Sabine County
8237,Texas,San Augustine County
28859,Texas,San Jacinto County
66730,Texas,San Patricio County
6055,Texas,San Saba County
2793,Texas,Schleicher County
16703,Texas,Scurry County
3265,Texas,Shackelford County
25274,Texas,Shelby County
3022,Texas,Sherman County
232751,Texas,Smith County
9128,Texas,Somervell County
64633,Texas,Starr County
9366,Texas,Stephens County
1291,Texas,Sterling County
1350,Texas,Stonewall County
3776,Texas,Sutton County
7397,Texas,Swisher County
2102515,Texas,Tarrant County
138034,Texas,Taylor County
776,Texas,Terrell County
12337,Texas,Terry County
1501,Texas,Throckmorton County
32750,Texas,Titus County
119200,Texas,Tom Green County
1273954,Texas,Travis County
14651,Texas,Trinity County
21672,Texas,Tyler County
41753,Texas,Upshur County
3657,Texas,Upton County
26741,Texas,Uvalde County
49025,Texas,Val Verde County
56590,Texas,Van Zandt County
92084,Texas,Victoria County
72971,Texas,Walker County
55246,Texas,Waller County
11998,Texas,Ward County
35882,Texas,Washington County
276652,Texas,Webb County
41556,Texas,Wharton County
5056,Texas,Wheeler County
132230,Texas,Wichita County
12769,Texas,Wilbarger County
21358,Texas,Willacy County
590551,Texas,Williamson County
51070,Texas,Wilson County
8010,Texas,Winkler County
69984,Texas,Wise County
45539,Texas,Wood County
8713,Texas,Yoakum County
18010,Texas,Young County
14179,Texas,Zapata County
11840,Texas,Zavala County
3205958,Utah,Utah
6710,Utah,Beaver County
56046,Utah,Box Elder County
128289,Utah,Cache County
20463,Utah,Carbon County
950,Utah,Daggett County
355481,Utah,Davis County
19938,Utah,Duchesne County
10012,Utah,Emery County
5051,Utah,Garfield County
9754,Utah,Grand County
54839,Utah,Iron County
12017,Utah,Juab County
7886,Utah,Kane County
13188,Utah,Millard County
12124,Utah,Morgan County
1479,Utah,Piute County
2483,Utah,Rich County
1160437,Utah,Salt Lake County
15308,Utah,San Juan County
30939,Utah,Sanpete County
21620,Utah,Sevier County
42145,Utah,Summit County
72259,Utah,Tooele County
35734,Utah,Uintah County
636235,Utah,Utah County
34091,Utah,Wasatch County
177556,Utah,Washington County
2711,Utah,Wayne County
260213,Utah,Weber County
623989,Vermont,Vermont
36777,Vermont,Addison County
35470,Vermont,Bennington County
29993,Vermont,Caledonia County
163774,Vermont,Chittenden County
6163,Vermont,Essex County
49402,Vermont,Franklin County
7235,Vermont,Grand Isle County
25362,Vermont,Lamoille County
28892,Vermont,Orange County
27037,Vermont,Orleans County
58191,Vermont,Rutland County
58409,Vermont,Washington County
42222,Vermont,Windham County
55062,Vermont,Windsor County
8535519,Virginia,Virginia
32316,Virginia,Accomack County
109330,Virginia,Albemarle County
14860,Virginia,Alleghany County
13145,Virginia,Amelia County
31605,Virginia,Amherst County
15911,Virginia,Appomattox County
236842,Virginia,Arlington County
75558,Virginia,Augusta County
4147,Virginia,Bath County
78997,Virginia,Bedford County
6280,Virginia,Bland County
33419,Virginia,Botetourt County
16231,Virginia,Brunswick County
21004,Virginia,Buchanan County
17148,Virginia,Buckingham County
54885,Virginia,Campbell County
30725,Virginia,Caroline County
29791,Virginia,Carroll County
6963,Virginia,Charles City County
11880,Virginia,Charlotte County
352802,Virginia,Chesterfield County
14619,Virginia,Clarke County
5131,Virginia,Craig County
52605,Virginia,Culpeper County
9932,Virginia,Cumberland County
14318,Virginia,Dickenson County
28544,Virginia,Dinwiddie County
10953,Virginia,Essex County
1147532,Virginia,Fairfax County
71222,Virginia,Fauquier County
15749,Virginia,Floyd County
27270,Virginia,Fluvanna County
56042,Virginia,Franklin County
89313,Virginia,Frederick County
16720,Virginia,Giles County
37348,Virginia,Gloucester County
23753,Virginia,Goochland County
15550,Virginia,Grayson County
19819,Virginia,Greene County
11336,Virginia,Greensville County
33911,Virginia,Halifax County
107766,Virginia,Hanover County
330818,Virginia,Henrico County
50557,Virginia,Henry County
2190,Virginia,Highland County
37109,Virginia,Isle of Wight County
76523,Virginia,James City County
7025,Virginia,King and Queen County
26836,Virginia,King George County
17148,Virginia,King William County
10603,Virginia,Lancaster County
23423,Virginia,Lee County
413538,Virginia,Loudoun County
37591,Virginia,Louisa County
12196,Virginia,Lunenburg County
13261,Virginia,Madison County
8834,Virginia,Mathews County
30587,Virginia,Mecklenburg County
10582,Virginia,Middlesex County
98535,Virginia,Montgomery County
14930,Virginia,Nelson County
23091,Virginia,New Kent County
11710,Virginia,Northampton County
12095,Virginia,Northumberland County
15232,Virginia,Nottoway County
37051,Virginia,Orange County
23902,Virginia,Page County
17608,Virginia,Patrick County
60354,Virginia,Pittsylvania County
29652,Virginia,Powhatan County
22802,Virginia,Prince Edward County
38353,Virginia,Prince George County
470335,Virginia,Prince William County
34027,Virginia,Pulaski County
7370,Virginia,Rappahannock County
9023,Virginia,Richmond County
94186,Virginia,Roanoke County
22573,Virginia,Rockbridge County
81948,Virginia,Rockingham County
26586,Virginia,Russell County
21566,Virginia,Scott County
43616,Virginia,Shenandoah County
30104,Virginia,Smyth County
17631,Virginia,Southampton County
136215,Virginia,Spotsylvania County
152882,Virginia,Stafford County
6422,Virginia,Surry County
11159,Virginia,Sussex County
40595,Virginia,Tazewell County
40164,Virginia,Warren County
53740,Virginia,Washington County
18015,Virginia,Westmoreland County
37383,Virginia,Wise County
28684,Virginia,Wythe County
68280,Virginia,York County
159428,Virginia,Alexandria city
16762,Virginia,Bristol city
6478,Virginia,Buena Vista city
47266,Virginia,Charlottesville city
244835,Virginia,Chesapeake city
17370,Virginia,Colonial Heights city
5538,Virginia,Covington city
40044,Virginia,Danville city
5346,Virginia,Emporia city
24019,Virginia,Fairfax city
14617,Virginia,Falls Church city
7967,Virginia,Franklin city
29036,Virginia,Fredericksburg city
6347,Virginia,Galax city
134510,Virginia,Hampton city
53016,Virginia,Harrisonburg city
22529,Virginia,Hopewell city
7446,Virginia,Lexington city
82168,Virginia,Lynchburg city
41085,Virginia,Manassas city
17478,Virginia,Manassas Park city
12554,Virginia,Martinsville city
179225,Virginia,Newport News city
242742,Virginia,Norfolk city
3981,Virginia,Norton city
31346,Virginia,Petersburg city
12271,Virginia,Poquoson city
94398,Virginia,Portsmouth city
18249,Virginia,Radford city
230436,Virginia,Richmond city
99143,Virginia,Roanoke city
25301,Virginia,Salem city
24932,Virginia,Staunton city
92108,Virginia,Suffolk city
449974,Virginia,Virginia Beach city
22630,Virginia,Waynesboro city
14954,Virginia,Williamsburg city
28078,Virginia,Winchester city
7614893,Washington,Washington
19983,Washington,Adams County
22582,Washington,Asotin County
204390,Washington,Benton County
77200,Washington,Chelan County
77331,Washington,Clallam County
488241,Washington,Clark County
3985,Washington,Columbia County
110593,Washington,Cowlitz County
43429,Washington,Douglas County
7627,Washington,Ferry County
95222,Washington,Franklin County
2225,Washington,Garfield County
97733,Washington,Grant County
75061,Washington,Grays Harbor County
85141,Washington,Island County
32221,Washington,Jefferson County
2252782,Washington,King County
271473,Washington,Kitsap County
47935,Washington,Kittitas County
22425,Washington,Klickitat County
80707,Washington,Lewis County
10939,Washington,Lincoln County
66768,Washington,Mason County
42243,Washington,Okanogan County
22471,Washington,Pacific County
13724,Washington,Pend Oreille County
904980,Washington,Pierce County
17582,Washington,San Juan County
129205,Washington,Skagit County
12083,Washington,Skamania County
822083,Washington,Snohomish County
522798,Washington,Spokane County
45723,Washington,Stevens County
290536,Washington,Thurston County
4488,Washington,Wahkiakum County
60760,Washington,Walla Walla County
229247,Washington,Whatcom County
50104,Washington,Whitman County
250873,Washington,Yakima County
1792147,West Virginia,West Virginia
16441,West Virginia,Barbour County
119171,West Virginia,Berkeley County
21457,West Virginia,Boone County
13957,West Virginia,Braxton County
21939,West Virginia,Brooke County
91945,West Virginia,Cabell County
7109,West Virginia,Calhoun County
8508,West Virginia,Clay County
8448,West Virginia,Doddridge County
42406,West Virginia,Fayette County
7823,West Virginia,Gilmer County
11568,West Virginia,Grant County
34662,West Virginia,Greenbrier County
23175,West Virginia,Hampshire County
28810,West Virginia,Hancock County
13776,West Virginia,Hardy County
67256,West Virginia,Harrison County
28576,West Virginia,Jackson County
57146,West Virginia,Jefferson County
178124,West Virginia,Kanawha County
15907,West Virginia,Lewis County
20409,West Virginia,Lincoln County
32019,West Virginia,Logan County
17624,West Virginia,McDowell County
56072,West Virginia,Marion County
30531,West Virginia,Marshall County
26516,West Virginia,Mason County
58758,West Virginia,Mercer County
26868,West Virginia,Mineral County
23424,West Virginia,Mingo County
105612,West Virginia,Monongalia County
13275,West Virginia,Monroe County
17884,West Virginia,Morgan County
24496,West Virginia,Nicholas County
41411,West Virginia,Ohio County
6969,West Virginia,Pendleton County
7460,West Virginia,Pleasants County
8247,West Virginia,Pocahontas County
33432,West Virginia,Preston County
56450,West Virginia,Putnam County
73361,West Virginia,Raleigh County
28695,West Virginia,Randolph County
9554,West Virginia,Ritchie County
13688,West Virginia,Roane County
12573,West Virginia,Summers County
16695,West Virginia,Taylor County
6839,West Virginia,Tucker County
8591,West Virginia,Tyler County
24176,West Virginia,Upshur County
39402,West Virginia,Wayne County
8114,West Virginia,Webster County
15065,West Virginia,Wetzel County
5821,West Virginia,Wirt County
83518,West Virginia,Wood County
20394,West Virginia,Wyoming County
5822434,Wisconsin,Wisconsin
20220,Wisconsin,Adams County
15562,Wisconsin,Ashland County
45244,Wisconsin,Barron County
15036,Wisconsin,Bayfield County
264542,Wisconsin,Brown County
13031,Wisconsin,Buffalo County
15414,Wisconsin,Burnett County
50089,Wisconsin,Calumet County
64658,Wisconsin,Chippewa County
34774,Wisconsin,Clark County
57532,Wisconsin,Columbia County
16131,Wisconsin,Crawford County
546695,Wisconsin,Dane County
87839,Wisconsin,Dodge County
27668,Wisconsin,Door County
43150,Wisconsin,Douglas County
45368,Wisconsin,Dunn County
104646,Wisconsin,Eau Claire County
4295,Wisconsin,Florence County
103403,Wisconsin,Fond du Lac County
9004,Wisconsin,Forest County
51439,Wisconsin,Grant County
36960,Wisconsin,Green County
18913,Wisconsin,Green Lake County
23678,Wisconsin,Iowa County
5687,Wisconsin,Iron County
20643,Wisconsin,Jackson County
84769,Wisconsin,Jefferson County
26687,Wisconsin,Juneau County
169561,Wisconsin,Kenosha County
20434,Wisconsin,Kewaunee County
118016,Wisconsin,La Crosse County
16665,Wisconsin,Lafayette County
19189,Wisconsin,Langlade County
27593,Wisconsin,Lincoln County
78981,Wisconsin,Manitowoc County
135692,Wisconsin,Marathon County
40350,Wisconsin,Marinette County
15574,Wisconsin,Marquette County
4556,Wisconsin,Menominee County
945726,Wisconsin,Milwaukee County
46253,Wisconsin,Monroe County
37930,Wisconsin,Oconto County
35595,Wisconsin,Oneida County
187885,Wisconsin,Outagamie County
89221,Wisconsin,Ozaukee County
7287,Wisconsin,Pepin County
42754,Wisconsin,Pierce County
43783,Wisconsin,Polk County
70772,Wisconsin,Portage County
13351,Wisconsin,Price County
196311,Wisconsin,Racine County
17252,Wisconsin,Richland County
163354,Wisconsin,Rock County
14178,Wisconsin,Rusk County
90687,Wisconsin,St. Croix County
64442,Wisconsin,Sauk County
16558,Wisconsin,Sawyer County
40899,Wisconsin,Shawano County
115340,Wisconsin,Sheboygan County
20343,Wisconsin,Taylor County
29649,Wisconsin,Trempealeau County
30822,Wisconsin,Vernon County
22195,Wisconsin,Vilas County
103868,Wisconsin,Walworth County
15720,Wisconsin,Washburn County
136034,Wisconsin,Washington County
404198,Wisconsin,Waukesha County
50990,Wisconsin,Waupaca County
24443,Wisconsin,Waushara County
171907,Wisconsin,Winnebago County
72999,Wisconsin,Wood County
578759,Wyoming,Wyoming
38880,Wyoming,Albany County
11790,Wyoming,Big Horn County
46341,Wyoming,Campbell County
14800,Wyoming,Carbon County
13822,Wyoming,Converse County
7584,Wyoming,Crook County
39261,Wyoming,Fremont County
13211,Wyoming,Goshen County
4413,Wyoming,Hot Springs County
8445,Wyoming,Johnson County
99500,Wyoming,Laramie County
19830,Wyoming,Lincoln County
79858,Wyoming,Natrona County
2356,Wyoming,Niobrara County
29194,Wyoming,Park County
8393,Wyoming,Platte County
30485,Wyoming,Sheridan County
9831,Wyoming,Sublette County
42343,Wyoming,Sweetwater County
23464,Wyoming,Teton County
20226,Wyoming,Uinta County
7805,Wyoming,Washakie County
6927,Wyoming,Weston County
