population,state,county
55869,Alabama,Autauga
223234,Alabama,Baldwin
24686,Alabama,Barbour
22394,Alabama,Bibb
57826,Alabama,Blount
10101,Alabama,Bullock
19448,Alabama,Butler
113605,Alabama,Calhoun
33254,Alabama,Chambers
26196,Alabama,Cherokee
44428,Alabama,Chilton
12589,Alabama,Choctaw
23622,Alabama,Clarke
13235,Alabama,Clay
14910,Alabama,Cleburne
52342,Alabama,Coffee
55241,Alabama,Colbert
12067,Alabama,Conecuh
10663,Alabama,Coosa
37049,Alabama,Covington
13772,Alabama,Crenshaw
83768,Alabama,Cullman
49172,Alabama,Dale
37196,Alabama,Dallas
71513,Alabama,DeKalb
81209,Alabama,Elmore
36633,Alabama,Escambia
102268,Alabama,Etowah
16302,Alabama,Fayette
31362,Alabama,Franklin
26271,Alabama,Geneva
8111,Alabama,Greene
14651,Alabama,Hale
17205,Alabama,Henry
105882,Alabama,Houston
51626,Alabama,Jackson
658573,Alabama,Jefferson
13805,Alabama,Lamar
92729,Alabama,Lauderdale
32924,Alabama,Lawrence
164542,Alabama,Lee
98915,Alabama,Limestone
9726,Alabama,Lowndes
18068,Alabama,Macon
372909,Alabama,Madison
18863,Alabama,Marengo
29709,Alabama,Marion
96774,Alabama,Marshall
413210,Alabama,Mobile
20733,Alabama,Monroe
226486,Alabama,Montgomery
119679,Alabama,Morgan
8923,Alabama,Perry
19930,Alabama,Pickens
33114,Alabama,Pike
22722,Alabama,Randolph
57961,Alabama,Russell
89512,Alabama,St. Clair
217702,Alabama,Shelby
12427,Alabama,Sumter
79978,Alabama,Talladega
40367,Alabama,Tallapoosa
209355,Alabama,Tuscaloosa
63521,Alabama,Walker
16326,Alabama,Washington
10373,Alabama,Wilcox
23629,Alabama,Winston
3337,Alaska,Aleutians East Borough
5634,Alaska,Aleutians West Census Area
288000,Alaska,Anchorage Municipality
18386,Alaska,Bethel Census Area
836,Alaska,Bristol Bay Borough
2097,Alaska,Denali Borough
4916,Alaska,Dillingham Census Area
96849,Alaska,Fairbanks North Star Borough
2530,Alaska,Haines Borough
2148,Alaska,Hoonah-Angoon Census Area
31974,Alaska,Juneau City and Borough
58708,Alaska,Kenai Peninsula Borough
13901,Alaska,Ketchikan Gateway Borough
12998,Alaska,Kodiak Island Borough
8314,Alaska,Kusilvak Census Area
1592,Alaska,Lake and Peninsula Borough
108317,Alaska,Matanuska-Susitna Borough
10004,Alaska,Nome Census Area
9832,Alaska,North Slope Borough
7621,Alaska,Northwest Arctic Borough
3266,Alaska,Petersburg Borough
6203,Alaska,Prince of Wales-Hyder Census Area
8493,Alaska,Sitka City and Borough
1183,Alaska,Skagway Municipality
6893,Alaska,Southeast Fairbanks Census Area
9202,Alaska,Valdez-Cordova Census Area
2502,Alaska,Wrangell City and Borough
579,Alaska,Yakutat City and Borough
5230,Alaska,Yukon-Koyukuk Census Area
71887,Arizona,Apache
125922,Arizona,Cochise
143476,Arizona,Coconino
54018,Arizona,Gila
38837,Arizona,Graham
9498,Arizona,Greenlee
21108,Arizona,La Paz
4485414,Arizona,Maricopa
212181,Arizona,Mohave
110924,Arizona,Navajo
1047279,Arizona,Pima
462789,Arizona,Pinal
46498,Arizona,Santa Cruz
235099,Arizona,Yavapai
213787,Arizona,Yuma
17486,Arkansas,Arkansas
19657,Arkansas,Ashley
41932,Arkansas,Baxter
279141,Arkansas,Benton
37432,Arkansas,Boone
10763,Arkansas,Bradley
5189,Arkansas,Calhoun
28380,Arkansas,Carroll
10118,Arkansas,Chicot
22320,Arkansas,Clark
14551,Arkansas,Clay
24919,Arkansas,Cleburne
7956,Arkansas,Cleveland
23457,Arkansas,Columbia
20846,Arkansas,Conway
110332,Arkansas,Craighead
63257,Arkansas,Crawford
47955,Arkansas,Crittenden
16419,Arkansas,Cross
7009,Arkansas,Dallas
11361,Arkansas,Desha
18219,Arkansas,Drew
126007,Arkansas,Faulkner
17715,Arkansas,Franklin
12477,Arkansas,Fulton
99386,Arkansas,Garland
18265,Arkansas,Grant
45325,Arkansas,Greene
21532,Arkansas,Hempstead
33771,Arkansas,Hot Spring
13202,Arkansas,Howard
37825,Arkansas,Independence
13629,Arkansas,Izard
16719,Arkansas,Jackson
66824,Arkansas,Jefferson
26578,Arkansas,Johnson
6624,Arkansas,Lafayette
16406,Arkansas,Lawrence
8857,Arkansas,Lee
13024,Arkansas,Lincoln
12259,Arkansas,Little River
21466,Arkansas,Logan
73309,Arkansas,Lonoke
16576,Arkansas,Madison
16694,Arkansas,Marion
43257,Arkansas,Miller
40651,Arkansas,Mississippi
6701,Arkansas,Monroe
8986,Arkansas,Montgomery
8252,Arkansas,Nevada
7753,Arkansas,Newton
23382,Arkansas,Ouachita
10455,Arkansas,Perry
17782,Arkansas,Phillips
10718,Arkansas,Pike
23528,Arkansas,Poinsett
19964,Arkansas,Polk
64072,Arkansas,Pope
8062,Arkansas,Prairie
391911,Arkansas,Pulaski
17958,Arkansas,Randolph
24994,Arkansas,St. Francis
122437,Arkansas,Saline
10281,Arkansas,Scott
7881,Arkansas,Searcy
127827,Arkansas,Sebastian
17007,Arkansas,Sevier
17442,Arkansas,Sharp
12506,Arkansas,Stone
38682,Arkansas,Union
16545,Arkansas,Van Buren
239187,Arkansas,Washington
78753,Arkansas,White
6320,Arkansas,Woodruff
21341,Arkansas,Yell
1671329,California,Alameda
1129,California,Alpine
39752,California,Amador
219186,California,Butte
45905,California,Calaveras
21547,California,Colusa
1153526,California,Contra Costa
27812,California,Del Norte
192843,California,El Dorado
999101,California,Fresno
28393,California,Glenn
135558,California,Humboldt
181215,California,Imperial
18039,California,Inyo
900202,California,Kern
152940,California,Kings
64386,California,Lake
30573,California,Lassen
10039107,California,Los Angeles
157327,California,Madera
258826,California,Marin
17203,California,Mariposa
86749,California,Mendocino
277680,California,Merced
8841,California,Modoc
14444,California,Mono
434061,California,Monterey
137744,California,Napa
99755,California,Nevada
3175692,California,Orange
398329,California,Placer
18807,California,Plumas
2470546,California,Riverside
1552058,California,Sacramento
62808,California,San Benito
2180085,California,San Bernardino
3338330,California,San Diego
881549,California,San Francisco
762148,California,San Joaquin
283111,California,San Luis Obispo
766573,California,San Mateo
446499,California,Santa Barbara
1927852,California,Santa Clara
273213,California,Santa Cruz
180080,California,Shasta
3005,California,Sierra
43539,California,Siskiyou
447643,California,Solano
494336,California,Sonoma
550660,California,Stanislaus
96971,California,Sutter
65084,California,Tehama
12285,California,Trinity
466195,California,Tulare
54478,California,Tuolumne
846006,California,Ventura
220500,California,Yolo
78668,California,Yuba
517421,Colorado,Adams
16233,Colorado,Alamosa
656590,Colorado,Arapahoe
14029,Colorado,Archuleta
3581,Colorado,Baca
5577,Colorado,Bent
326196,Colorado,Boulder
70465,Colorado,Broomfield
20356,Colorado,Chaffee
1831,Colorado,Cheyenne
9700,Colorado,Clear Creek
8205,Colorado,Conejos
3887,Colorado,Costilla
6061,Colorado,Crowley
5068,Colorado,Custer
31162,Colorado,Delta
727211,Colorado,Denver
2055,Colorado,Dolores
351154,Colorado,Douglas
55127,Colorado,Eagle
26729,Colorado,Elbert
720403,Colorado,El Paso
47839,Colorado,Fremont
60061,Colorado,Garfield
6243,Colorado,Gilpin
15734,Colorado,Grand
17462,Colorado,Gunnison
820,Colorado,Hinsdale
6897,Colorado,Huerfano
1392,Colorado,Jackson
582881,Colorado,Jefferson
1406,Colorado,Kiowa
7097,Colorado,Kit Carson
8127,Colorado,Lake
56221,Colorado,La Plata
356899,Colorado,Larimer
14506,Colorado,Las Animas
5701,Colorado,Lincoln
22409,Colorado,Logan
154210,Colorado,Mesa
769,Colorado,Mineral
13283,Colorado,Moffat
26183,Colorado,Montezuma
42758,Colorado,Montrose
29068,Colorado,Morgan
18278,Colorado,Otero
4952,Colorado,Ouray
18845,Colorado,Park
4265,Colorado,Phillips
17767,Colorado,Pitkin
12172,Colorado,Prowers
168424,Colorado,Pueblo
6324,Colorado,Rio Blanco
11267,Colorado,Rio Grande
25638,Colorado,Routt
6824,Colorado,Saguache
728,Colorado,San Juan
8179,Colorado,San Miguel
2248,Colorado,Sedgwick
31011,Colorado,Summit
25388,Colorado,Teller
4908,Colorado,Washington
324492,Colorado,Weld
10019,Colorado,Yuma
943332,Connecticut,Fairfield
891720,Connecticut,Hartford
180333,Connecticut,Litchfield
162436,Connecticut,Middlesex
854757,Connecticut,New Haven
265206,Connecticut,New London
150721,Connecticut,Tolland
116782,Connecticut,Windham
180786,Delaware,Kent
558753,Delaware,New Castle
234225,Delaware,Sussex
705749,District of Columbia,District of Columbia
705749,District of Columbia,District of Columbia
269043,Florida,Alachua
29210,Florida,Baker
174705,Florida,Bay
28201,Florida,Bradford
601942,Florida,Brevard
1952778,Florida,Broward
14105,Florida,Calhoun
188910,Florida,Charlotte
149657,Florida,Citrus
219252,Florida,Clay
384902,Florida,Collier
71686,Florida,Columbia
38001,Florida,DeSoto
16826,Florida,Dixie
957755,Florida,Duval
318316,Florida,Escambia
115081,Florida,Flagler
12125,Florida,Franklin
45660,Florida,Gadsden
18582,Florida,Gilchrist
13811,Florida,Glades
13639,Florida,Gulf
14428,Florida,Hamilton
26937,Florida,Hardee
42022,Florida,Hendry
193920,Florida,Hernando
106221,Florida,Highlands
1471968,Florida,Hillsborough
19617,Florida,Holmes
159923,Florida,Indian River
46414,Florida,Jackson
14246,Florida,Jefferson
8422,Florida,Lafayette
367118,Florida,Lake
770577,Florida,Lee
293582,Florida,Leon
41503,Florida,Levy
8354,Florida,Liberty
18493,Florida,Madison
403253,Florida,Manatee
365579,Florida,Marion
161000,Florida,Martin
2716940,Florida,Miami-Dade
74228,Florida,Monroe
88625,Florida,Nassau
210738,Florida,Okaloosa
42168,Florida,Okeechobee
1393452,Florida,Orange
375751,Florida,Osceola
1496770,Florida,Palm Beach
553947,Florida,Pasco
974996,Florida,Pinellas
724777,Florida,Polk
74521,Florida,Putnam
264672,Florida,St. Johns
328297,Florida,St. Lucie
184313,Florida,Santa Rosa
433742,Florida,Sarasota
471826,Florida,Seminole
132420,Florida,Sumter
44417,Florida,Suwannee
21569,Florida,Taylor
15237,Florida,Union
553284,Florida,Volusia
33739,Florida,Wakulla
74071,Florida,Walton
25473,Florida,Washington
18386,Georgia,Appling
8165,Georgia,Atkinson
11164,Georgia,Bacon
3038,Georgia,Baker
44890,Georgia,Baldwin
19234,Georgia,Banks
83240,Georgia,Barrow
107738,Georgia,Bartow
16700,Georgia,Ben Hill
19397,Georgia,Berrien
153159,Georgia,Bibb
12873,Georgia,Bleckley
19109,Georgia,Brantley
15457,Georgia,Brooks
39627,Georgia,Bryan
79608,Georgia,Bulloch
22383,Georgia,Burke
24936,Georgia,Butts
6189,Georgia,Calhoun
54666,Georgia,Camden
10803,Georgia,Candler
119992,Georgia,Carroll
67580,Georgia,Catoosa
13392,Georgia,Charlton
289430,Georgia,Chatham
10907,Georgia,Chattahoochee
24789,Georgia,Chattooga
258773,Georgia,Cherokee
128331,Georgia,Clarke
2834,Georgia,Clay
292256,Georgia,Clayton
6618,Georgia,Clinch
760141,Georgia,Cobb
43273,Georgia,Coffee
45600,Georgia,Colquitt
156714,Georgia,Columbia
17270,Georgia,Cook
148509,Georgia,Coweta
12404,Georgia,Crawford
22372,Georgia,Crisp
16116,Georgia,Dade
26108,Georgia,Dawson
26404,Georgia,Decatur
759297,Georgia,DeKalb
20605,Georgia,Dodge
13390,Georgia,Dooly
87956,Georgia,Dougherty
146343,Georgia,Douglas
10190,Georgia,Early
4006,Georgia,Echols
64296,Georgia,Effingham
19194,Georgia,Elbert
22646,Georgia,Emanuel
10654,Georgia,Evans
26188,Georgia,Fannin
114421,Georgia,Fayette
98498,Georgia,Floyd
244252,Georgia,Forsyth
23349,Georgia,Franklin
1063937,Georgia,Fulton
31369,Georgia,Gilmer
2971,Georgia,Glascock
85292,Georgia,Glynn
57963,Georgia,Gordon
24633,Georgia,Grady
18324,Georgia,Greene
936250,Georgia,Gwinnett
45328,Georgia,Habersham
204441,Georgia,Hall
8457,Georgia,Hancock
29792,Georgia,Haralson
35236,Georgia,Harris
26205,Georgia,Hart
11923,Georgia,Heard
234561,Georgia,Henry
157863,Georgia,Houston
9416,Georgia,Irwin
72977,Georgia,Jackson
14219,Georgia,Jasper
15115,Georgia,Jeff Davis
15362,Georgia,Jefferson
8676,Georgia,Jenkins
9643,Georgia,Johnson
28735,Georgia,Jones
19077,Georgia,Lamar
10423,Georgia,Lanier
47546,Georgia,Laurens
29992,Georgia,Lee
61435,Georgia,Liberty
7921,Georgia,Lincoln
19559,Georgia,Long
117406,Georgia,Lowndes
33610,Georgia,Lumpkin
21312,Georgia,McDuffie
14378,Georgia,McIntosh
12947,Georgia,Macon
29880,Georgia,Madison
8359,Georgia,Marion
21167,Georgia,Meriwether
5718,Georgia,Miller
21863,Georgia,Mitchell
27578,Georgia,Monroe
9172,Georgia,Montgomery
19276,Georgia,Morgan
40096,Georgia,Murray
195769,Georgia,Muscogee
111744,Georgia,Newton
40280,Georgia,Oconee
15259,Georgia,Oglethorpe
168667,Georgia,Paulding
27546,Georgia,Peach
32591,Georgia,Pickens
19465,Georgia,Pierce
18962,Georgia,Pike
42613,Georgia,Polk
11137,Georgia,Pulaski
22119,Georgia,Putnam
2299,Georgia,Quitman
17137,Georgia,Rabun
6778,Georgia,Randolph
202518,Georgia,Richmond
90896,Georgia,Rockdale
5257,Georgia,Schley
13966,Georgia,Screven
8090,Georgia,Seminole
66703,Georgia,Spalding
25925,Georgia,Stephens
6621,Georgia,Stewart
29524,Georgia,Sumter
6195,Georgia,Talbot
1537,Georgia,Taliaferro
25286,Georgia,Tattnall
8020,Georgia,Taylor
15860,Georgia,Telfair
8531,Georgia,Terrell
44451,Georgia,Thomas
40644,Georgia,Tift
26830,Georgia,Toombs
12037,Georgia,Towns
6901,Georgia,Treutlen
69922,Georgia,Troup
7985,Georgia,Turner
8120,Georgia,Twiggs
24511,Georgia,Union
26320,Georgia,Upson
69761,Georgia,Walker
94593,Georgia,Walton
35734,Georgia,Ware
5254,Georgia,Warren
20374,Georgia,Washington
29927,Georgia,Wayne
2607,Georgia,Webster
7855,Georgia,Wheeler
30798,Georgia,White
104628,Georgia,Whitfield
8635,Georgia,Wilcox
9777,Georgia,Wilkes
8954,Georgia,Wilkinson
20247,Georgia,Worth
201513,Hawaii,Hawaii
974563,Hawaii,Honolulu
86,Hawaii,Kalawao
72293,Hawaii,Kauai
167417,Hawaii,Maui
481587,Idaho,Ada
4294,Idaho,Adams
87808,Idaho,Bannock
6125,Idaho,Bear Lake
9298,Idaho,Benewah
46811,Idaho,Bingham
23021,Idaho,Blaine
7831,Idaho,Boise
45739,Idaho,Bonner
119062,Idaho,Bonneville
12245,Idaho,Boundary
2597,Idaho,Butte
1106,Idaho,Camas
229849,Idaho,Canyon
7155,Idaho,Caribou
24030,Idaho,Cassia
845,Idaho,Clark
8756,Idaho,Clearwater
4315,Idaho,Custer
27511,Idaho,Elmore
13876,Idaho,Franklin
13099,Idaho,Fremont
18112,Idaho,Gem
15179,Idaho,Gooding
16667,Idaho,Idaho
29871,Idaho,Jefferson
24412,Idaho,Jerome
165697,Idaho,Kootenai
40108,Idaho,Latah
8027,Idaho,Lemhi
3838,Idaho,Lewis
5366,Idaho,Lincoln
39907,Idaho,Madison
21039,Idaho,Minidoka
40408,Idaho,Nez Perce
4531,Idaho,Oneida
11823,Idaho,Owyhee
23951,Idaho,Payette
7681,Idaho,Power
12882,Idaho,Shoshone
12142,Idaho,Teton
86878,Idaho,Twin Falls
11392,Idaho,Valley
10194,Idaho,Washington
65435,Illinois,Adams
5761,Illinois,Alexander
16426,Illinois,Bond
53544,Illinois,Boone
6578,Illinois,Brown
32628,Illinois,Bureau
4739,Illinois,Calhoun
14305,Illinois,Carroll
12147,Illinois,Cass
209689,Illinois,Champaign
32304,Illinois,Christian
15441,Illinois,Clark
13184,Illinois,Clay
37562,Illinois,Clinton
50621,Illinois,Coles
5150233,Illinois,Cook
18667,Illinois,Crawford
10766,Illinois,Cumberland
104897,Illinois,DeKalb
15638,Illinois,De Witt
19465,Illinois,Douglas
922921,Illinois,DuPage
17161,Illinois,Edgar
6395,Illinois,Edwards
34008,Illinois,Effingham
21336,Illinois,Fayette
12961,Illinois,Ford
38469,Illinois,Franklin
34340,Illinois,Fulton
4828,Illinois,Gallatin
12969,Illinois,Greene
51054,Illinois,Grundy
8116,Illinois,Hamilton
17708,Illinois,Hancock
3821,Illinois,Hardin
6646,Illinois,Henderson
48913,Illinois,Henry
27114,Illinois,Iroquois
56750,Illinois,Jackson
9610,Illinois,Jasper
37684,Illinois,Jefferson
21773,Illinois,Jersey
21235,Illinois,Jo Daviess
12417,Illinois,Johnson
532403,Illinois,Kane
109862,Illinois,Kankakee
128990,Illinois,Kendall
49699,Illinois,Knox
696535,Illinois,Lake
108669,Illinois,LaSalle
15678,Illinois,Lawrence
34096,Illinois,Lee
35648,Illinois,Livingston
28618,Illinois,Logan
29682,Illinois,McDonough
307774,Illinois,McHenry
171517,Illinois,McLean
104009,Illinois,Macon
44926,Illinois,Macoupin
262966,Illinois,Madison
37205,Illinois,Marion
11438,Illinois,Marshall
13359,Illinois,Mason
13772,Illinois,Massac
12196,Illinois,Menard
15437,Illinois,Mercer
34637,Illinois,Monroe
28414,Illinois,Montgomery
33658,Illinois,Morgan
14501,Illinois,Moultrie
50643,Illinois,Ogle
179179,Illinois,Peoria
20916,Illinois,Perry
16344,Illinois,Piatt
15561,Illinois,Pike
4177,Illinois,Pope
5335,Illinois,Pulaski
5739,Illinois,Putnam
31782,Illinois,Randolph
15513,Illinois,Richland
141879,Illinois,Rock Island
259686,Illinois,St. Clair
23491,Illinois,Saline
194672,Illinois,Sangamon
6768,Illinois,Schuyler
4951,Illinois,Scott
21634,Illinois,Shelby
5342,Illinois,Stark
44498,Illinois,Stephenson
131803,Illinois,Tazewell
16653,Illinois,Union
75758,Illinois,Vermilion
11520,Illinois,Wabash
16844,Illinois,Warren
13887,Illinois,Washington
16215,Illinois,Wayne
13537,Illinois,White
55175,Illinois,Whiteside
690743,Illinois,Will
66597,Illinois,Williamson
282572,Illinois,Winnebago
38459,Illinois,Woodford
35777,Indiana,Adams
379299,Indiana,Allen
83779,Indiana,Bartholomew
8748,Indiana,Benton
11758,Indiana,Blackford
67843,Indiana,Boone
15092,Indiana,Brown
20257,Indiana,Carroll
37689,Indiana,Cass
118302,Indiana,Clark
26225,Indiana,Clay
32399,Indiana,Clinton
10577,Indiana,Crawford
33351,Indiana,Daviess
49458,Indiana,Dearborn
26559,Indiana,Decatur
43475,Indiana,DeKalb
114135,Indiana,Delaware
42736,Indiana,Dubois
206341,Indiana,Elkhart
23102,Indiana,Fayette
78522,Indiana,Floyd
16346,Indiana,Fountain
22758,Indiana,Franklin
19974,Indiana,Fulton
33659,Indiana,Gibson
65769,Indiana,Grant
31922,Indiana,Greene
338011,Indiana,Hamilton
78168,Indiana,Hancock
40515,Indiana,Harrison
170311,Indiana,Hendricks
47972,Indiana,Henry
82544,Indiana,Howard
36520,Indiana,Huntington
44231,Indiana,Jackson
33562,Indiana,Jasper
20436,Indiana,Jay
32308,Indiana,Jefferson
27735,Indiana,Jennings
158167,Indiana,Johnson
36594,Indiana,Knox
79456,Indiana,Kosciusko
39614,Indiana,LaGrange
485493,Indiana,Lake
109888,Indiana,LaPorte
45370,Indiana,Lawrence
129569,Indiana,Madison
964582,Indiana,Marion
46258,Indiana,Marshall
10255,Indiana,Martin
35516,Indiana,Miami
148431,Indiana,Monroe
38338,Indiana,Montgomery
70489,Indiana,Morgan
13984,Indiana,Newton
47744,Indiana,Noble
5875,Indiana,Ohio
19646,Indiana,Orange
20799,Indiana,Owen
16937,Indiana,Parke
19169,Indiana,Perry
12389,Indiana,Pike
170389,Indiana,Porter
25427,Indiana,Posey
12353,Indiana,Pulaski
37576,Indiana,Putnam
24665,Indiana,Randolph
28324,Indiana,Ripley
16581,Indiana,Rush
271826,Indiana,St. Joseph
23873,Indiana,Scott
44729,Indiana,Shelby
20277,Indiana,Spencer
22995,Indiana,Starke
34594,Indiana,Steuben
20669,Indiana,Sullivan
10751,Indiana,Switzerland
195732,Indiana,Tippecanoe
15148,Indiana,Tipton
7054,Indiana,Union
181451,Indiana,Vanderburgh
15498,Indiana,Vermillion
107038,Indiana,Vigo
30996,Indiana,Wabash
8265,Indiana,Warren
62998,Indiana,Warrick
28036,Indiana,Washington
65884,Indiana,Wayne
28296,Indiana,Wells
24102,Indiana,White
33964,Indiana,Whitley
7152,Iowa,Adair
3602,Iowa,Adams
13687,Iowa,Allamakee
12426,Iowa,Appanoose
5496,Iowa,Audubon
25645,Iowa,Benton
131228,Iowa,Black Hawk
26234,Iowa,Boone
25062,Iowa,Bremer
21175,Iowa,Buchanan
19620,Iowa,Buena Vista
14439,Iowa,Butler
9668,Iowa,Calhoun
20165,Iowa,Carroll
12836,Iowa,Cass
18627,Iowa,Cedar
42450,Iowa,Cerro Gordo
11235,Iowa,Cherokee
11933,Iowa,Chickasaw
9395,Iowa,Clarke
16016,Iowa,Clay
17549,Iowa,Clayton
46429,Iowa,Clinton
16820,Iowa,Crawford
93453,Iowa,Dallas
9000,Iowa,Davis
7870,Iowa,Decatur
17011,Iowa,Delaware
38967,Iowa,Des Moines
17258,Iowa,Dickinson
97311,Iowa,Dubuque
9208,Iowa,Emmet
19650,Iowa,Fayette
15642,Iowa,Floyd
10070,Iowa,Franklin
6960,Iowa,Fremont
8888,Iowa,Greene
12232,Iowa,Grundy
10689,Iowa,Guthrie
14773,Iowa,Hamilton
10630,Iowa,Hancock
16846,Iowa,Hardin
14049,Iowa,Harrison
19954,Iowa,Henry
9158,Iowa,Howard
9558,Iowa,Humboldt
6860,Iowa,Ida
16184,Iowa,Iowa
19439,Iowa,Jackson
37185,Iowa,Jasper
18295,Iowa,Jefferson
151140,Iowa,Johnson
20681,Iowa,Jones
10246,Iowa,Keokuk
14813,Iowa,Kossuth
33657,Iowa,Lee
226706,Iowa,Linn
11035,Iowa,Louisa
8600,Iowa,Lucas
11755,Iowa,Lyon
16338,Iowa,Madison
22095,Iowa,Mahaska
33253,Iowa,Marion
39369,Iowa,Marshall
15109,Iowa,Mills
10586,Iowa,Mitchell
8615,Iowa,Monona
7707,Iowa,Monroe
9917,Iowa,Montgomery
42664,Iowa,Muscatine
13753,Iowa,O'Brien
5958,Iowa,Osceola
15107,Iowa,Page
8886,Iowa,Palo Alto
25177,Iowa,Plymouth
6619,Iowa,Pocahontas
490161,Iowa,Polk
93206,Iowa,Pottawattamie
18504,Iowa,Poweshiek
4894,Iowa,Ringgold
9721,Iowa,Sac
172943,Iowa,Scott
11454,Iowa,Shelby
34855,Iowa,Sioux
97117,Iowa,Story
16854,Iowa,Tama
6121,Iowa,Taylor
12241,Iowa,Union
7044,Iowa,Van Buren
34969,Iowa,Wapello
51466,Iowa,Warren
21965,Iowa,Washington
6441,Iowa,Wayne
35904,Iowa,Webster
10354,Iowa,Winnebago
19991,Iowa,Winneshiek
103107,Iowa,Woodbury
7381,Iowa,Worth
12562,Iowa,Wright
12369,Kansas,Allen
7858,Kansas,Anderson
16073,Kansas,Atchison
4427,Kansas,Barber
25779,Kansas,Barton
14534,Kansas,Bourbon
9564,Kansas,Brown
66911,Kansas,Butler
2648,Kansas,Chase
3250,Kansas,Chautauqua
19939,Kansas,Cherokee
2657,Kansas,Cheyenne
1994,Kansas,Clark
8002,Kansas,Clay
8786,Kansas,Cloud
8179,Kansas,Coffey
1700,Kansas,Comanche
34908,Kansas,Cowley
38818,Kansas,Crawford
2827,Kansas,Decatur
18466,Kansas,Dickinson
7600,Kansas,Doniphan
122259,Kansas,Douglas
2798,Kansas,Edwards
2530,Kansas,Elk
28553,Kansas,Ellis
6102,Kansas,Ellsworth
36467,Kansas,Finney
33619,Kansas,Ford
25544,Kansas,Franklin
31670,Kansas,Geary
2636,Kansas,Gove
2482,Kansas,Graham
7150,Kansas,Grant
5988,Kansas,Gray
1232,Kansas,Greeley
5982,Kansas,Greenwood
2539,Kansas,Hamilton
5436,Kansas,Harper
34429,Kansas,Harvey
3968,Kansas,Haskell
1794,Kansas,Hodgeman
13171,Kansas,Jackson
19043,Kansas,Jefferson
2879,Kansas,Jewell
602401,Kansas,Johnson
3838,Kansas,Kearny
7152,Kansas,Kingman
2475,Kansas,Kiowa
19618,Kansas,Labette
1535,Kansas,Lane
81758,Kansas,Leavenworth
2962,Kansas,Lincoln
9703,Kansas,Linn
2794,Kansas,Logan
33195,Kansas,Lyon
28542,Kansas,McPherson
11884,Kansas,Marion
9707,Kansas,Marshall
4033,Kansas,Meade
34237,Kansas,Miami
5979,Kansas,Mitchell
31829,Kansas,Montgomery
5620,Kansas,Morris
2587,Kansas,Morton
10231,Kansas,Nemaha
16007,Kansas,Neosho
2750,Kansas,Ness
5361,Kansas,Norton
15949,Kansas,Osage
3421,Kansas,Osborne
5704,Kansas,Ottawa
6414,Kansas,Pawnee
5234,Kansas,Phillips
24383,Kansas,Pottawatomie
9164,Kansas,Pratt
2530,Kansas,Rawlins
61998,Kansas,Reno
4636,Kansas,Republic
9537,Kansas,Rice
74232,Kansas,Riley
4920,Kansas,Rooks
3036,Kansas,Rush
6856,Kansas,Russell
54224,Kansas,Saline
4823,Kansas,Scott
516042,Kansas,Sedgwick
21428,Kansas,Seward
176875,Kansas,Shawnee
2521,Kansas,Sheridan
5917,Kansas,Sherman
3583,Kansas,Smith
4156,Kansas,Stafford
2006,Kansas,Stanton
5485,Kansas,Stevens
22836,Kansas,Sumner
7777,Kansas,Thomas
2803,Kansas,Trego
6931,Kansas,Wabaunsee
1518,Kansas,Wallace
5406,Kansas,Washington
2119,Kansas,Wichita
8525,Kansas,Wilson
3138,Kansas,Woodson
165429,Kansas,Wyandotte
19202,Kentucky,Adair
21315,Kentucky,Allen
22747,Kentucky,Anderson
7888,Kentucky,Ballard
44249,Kentucky,Barren
12500,Kentucky,Bath
26032,Kentucky,Bell
133581,Kentucky,Boone
19788,Kentucky,Bourbon
46718,Kentucky,Boyd
30060,Kentucky,Boyle
8303,Kentucky,Bracken
12630,Kentucky,Breathitt
20477,Kentucky,Breckinridge
81676,Kentucky,Bullitt
12879,Kentucky,Butler
12747,Kentucky,Caldwell
39001,Kentucky,Calloway
93584,Kentucky,Campbell
4760,Kentucky,Carlisle
10631,Kentucky,Carroll
26797,Kentucky,Carter
16159,Kentucky,Casey
70461,Kentucky,Christian
36263,Kentucky,Clark
19901,Kentucky,Clay
10218,Kentucky,Clinton
8806,Kentucky,Crittenden
6614,Kentucky,Cumberland
101511,Kentucky,Daviess
12150,Kentucky,Edmonson
7517,Kentucky,Elliott
14106,Kentucky,Estill
323152,Kentucky,Fayette
14581,Kentucky,Fleming
35589,Kentucky,Floyd
50991,Kentucky,Franklin
5969,Kentucky,Fulton
8869,Kentucky,Gallatin
17666,Kentucky,Garrard
25069,Kentucky,Grant
37266,Kentucky,Graves
26427,Kentucky,Grayson
10941,Kentucky,Green
35098,Kentucky,Greenup
8722,Kentucky,Hancock
110958,Kentucky,Hardin
26010,Kentucky,Harlan
18886,Kentucky,Harrison
19035,Kentucky,Hart
45210,Kentucky,Henderson
16126,Kentucky,Henry
4380,Kentucky,Hickman
44686,Kentucky,Hopkins
13329,Kentucky,Jackson
766757,Kentucky,Jefferson
54115,Kentucky,Jessamine
22188,Kentucky,Johnson
166998,Kentucky,Kenton
14806,Kentucky,Knott
31145,Kentucky,Knox
14398,Kentucky,Larue
60813,Kentucky,Laurel
15317,Kentucky,Lawrence
7403,Kentucky,Lee
9877,Kentucky,Leslie
21553,Kentucky,Letcher
13275,Kentucky,Lewis
24549,Kentucky,Lincoln
9194,Kentucky,Livingston
27102,Kentucky,Logan
8210,Kentucky,Lyon
65418,Kentucky,McCracken
17231,Kentucky,McCreary
9207,Kentucky,McLean
92987,Kentucky,Madison
12161,Kentucky,Magoffin
19273,Kentucky,Marion
31100,Kentucky,Marshall
11195,Kentucky,Martin
17070,Kentucky,Mason
28572,Kentucky,Meade
6489,Kentucky,Menifee
21933,Kentucky,Mercer
10071,Kentucky,Metcalfe
10650,Kentucky,Monroe
28157,Kentucky,Montgomery
13309,Kentucky,Morgan
30622,Kentucky,Muhlenberg
46233,Kentucky,Nelson
7269,Kentucky,Nicholas
23994,Kentucky,Ohio
66799,Kentucky,Oldham
10901,Kentucky,Owen
4415,Kentucky,Owsley
14590,Kentucky,Pendleton
25758,Kentucky,Perry
57876,Kentucky,Pike
12359,Kentucky,Powell
64979,Kentucky,Pulaski
2108,Kentucky,Robertson
16695,Kentucky,Rockcastle
24460,Kentucky,Rowan
17923,Kentucky,Russell
57004,Kentucky,Scott
49024,Kentucky,Shelby
18572,Kentucky,Simpson
19351,Kentucky,Spencer
25769,Kentucky,Taylor
12294,Kentucky,Todd
14651,Kentucky,Trigg
8471,Kentucky,Trimble
14381,Kentucky,Union
132896,Kentucky,Warren
12095,Kentucky,Washington
20333,Kentucky,Wayne
12942,Kentucky,Webster
36264,Kentucky,Whitley
7157,Kentucky,Wolfe
26734,Kentucky,Woodford
62045,Louisiana,Acadia
25627,Louisiana,Allen
126604,Louisiana,Ascension
21891,Louisiana,Assumption
40144,Louisiana,Avoyelles
37497,Louisiana,Beauregard
13241,Louisiana,Bienville
127039,Louisiana,Bossier
240204,Louisiana,Caddo
203436,Louisiana,Calcasieu
9918,Louisiana,Caldwell
6973,Louisiana,Cameron
9494,Louisiana,Catahoula
15670,Louisiana,Claiborne
19259,Louisiana,Concordia
27463,Louisiana,De Soto
440059,Louisiana,East Baton Rouge
6861,Louisiana,East Carroll
19135,Louisiana,East Feliciana
33395,Louisiana,Evangeline
20015,Louisiana,Franklin
22389,Louisiana,Grant
69830,Louisiana,Iberia
32511,Louisiana,Iberville
15744,Louisiana,Jackson
432493,Louisiana,Jefferson
31368,Louisiana,Jefferson Davis
244390,Louisiana,Lafayette
97614,Louisiana,Lafourche
14892,Louisiana,LaSalle
46742,Louisiana,Lincoln
140789,Louisiana,Livingston
10951,Louisiana,Madison
24874,Louisiana,Morehouse
38158,Louisiana,Natchitoches
390144,Louisiana,Orleans
153279,Louisiana,Ouachita
23197,Louisiana,Plaquemines
21730,Louisiana,Pointe Coupee
129648,Louisiana,Rapides
8442,Louisiana,Red River
20122,Louisiana,Richland
23884,Louisiana,Sabine
47244,Louisiana,St. Bernard
53100,Louisiana,St. Charles
10132,Louisiana,St. Helena
21096,Louisiana,St. James
42837,Louisiana,St. John the Baptist
82124,Louisiana,St. Landry
53431,Louisiana,St. Martin
49348,Louisiana,St. Mary
260419,Louisiana,St. Tammany
134758,Louisiana,Tangipahoa
4334,Louisiana,Tensas
110461,Louisiana,Terrebonne
22108,Louisiana,Union
59511,Louisiana,Vermilion
47429,Louisiana,Vernon
46194,Louisiana,Washington
38340,Louisiana,Webster
26465,Louisiana,West Baton Rouge
10830,Louisiana,West Carroll
15568,Louisiana,West Feliciana
13904,Louisiana,Winn
108277,Maine,Androscoggin
67055,Maine,Aroostook
295003,Maine,Cumberland
30199,Maine,Franklin
54987,Maine,Hancock
122302,Maine,Kennebec
39772,Maine,Knox
34634,Maine,Lincoln
57975,Maine,Oxford
152148,Maine,Penobscot
16785,Maine,Piscataquis
35856,Maine,Sagadahoc
50484,Maine,Somerset
39715,Maine,Waldo
31379,Maine,Washington
207641,Maine,York
70416,Maryland,Allegany
579234,Maryland,Anne Arundel
827370,Maryland,Baltimore
92525,Maryland,Calvert
33406,Maryland,Caroline
168447,Maryland,Carroll
102855,Maryland,Cecil
163257,Maryland,Charles
31929,Maryland,Dorchester
259547,Maryland,Frederick
29014,Maryland,Garrett
255441,Maryland,Harford
325690,Maryland,Howard
19422,Maryland,Kent
1050688,Maryland,Montgomery
909327,Maryland,Prince George's
50381,Maryland,Queen Anne's
113510,Maryland,St. Mary's
25616,Maryland,Somerset
37181,Maryland,Talbot
151049,Maryland,Washington
103609,Maryland,Wicomico
52276,Maryland,Worcester
593490,Maryland,Baltimore city
212990,Massachusetts,Barnstable
124944,Massachusetts,Berkshire
565217,Massachusetts,Bristol
17332,Massachusetts,Dukes
789034,Massachusetts,Essex
70180,Massachusetts,Franklin
466372,Massachusetts,Hampden
160830,Massachusetts,Hampshire
1611699,Massachusetts,Middlesex
11399,Massachusetts,Nantucket
706775,Massachusetts,Norfolk
521202,Massachusetts,Plymouth
803907,Massachusetts,Suffolk
830622,Massachusetts,Worcester
10405,Michigan,Alcona
9108,Michigan,Alger
118081,Michigan,Allegan
28405,Michigan,Alpena
23324,Michigan,Antrim
14883,Michigan,Arenac
8209,Michigan,Baraga
61550,Michigan,Barry
103126,Michigan,Bay
17766,Michigan,Benzie
153401,Michigan,Berrien
43517,Michigan,Branch
134159,Michigan,Calhoun
51787,Michigan,Cass
26143,Michigan,Charlevoix
25276,Michigan,Cheboygan
37349,Michigan,Chippewa
30950,Michigan,Clare
79595,Michigan,Clinton
14029,Michigan,Crawford
35784,Michigan,Delta
25239,Michigan,Dickinson
110268,Michigan,Eaton
33415,Michigan,Emmet
405813,Michigan,Genesee
25449,Michigan,Gladwin
13975,Michigan,Gogebic
93088,Michigan,Grand Traverse
40711,Michigan,Gratiot
45605,Michigan,Hillsdale
35684,Michigan,Houghton
30981,Michigan,Huron
292406,Michigan,Ingham
64697,Michigan,Ionia
25127,Michigan,Iosco
11066,Michigan,Iron
69872,Michigan,Isabella
158510,Michigan,Jackson
265066,Michigan,Kalamazoo
18038,Michigan,Kalkaska
656955,Michigan,Kent
2116,Michigan,Keweenaw
11853,Michigan,Lake
87607,Michigan,Lapeer
21761,Michigan,Leelanau
98451,Michigan,Lenawee
191995,Michigan,Livingston
6229,Michigan,Luce
10799,Michigan,Mackinac
873972,Michigan,Macomb
24558,Michigan,Manistee
66699,Michigan,Marquette
29144,Michigan,Mason
43453,Michigan,Mecosta
22780,Michigan,Menominee
83156,Michigan,Midland
15118,Michigan,Missaukee
150500,Michigan,Monroe
63888,Michigan,Montcalm
9328,Michigan,Montmorency
173566,Michigan,Muskegon
48980,Michigan,Newaygo
1257584,Michigan,Oakland
26467,Michigan,Oceana
20997,Michigan,Ogemaw
5720,Michigan,Ontonagon
23460,Michigan,Osceola
8241,Michigan,Oscoda
24668,Michigan,Otsego
291830,Michigan,Ottawa
12592,Michigan,Presque Isle
24019,Michigan,Roscommon
190539,Michigan,Saginaw
159128,Michigan,St. Clair
60964,Michigan,St. Joseph
41170,Michigan,Sanilac
8094,Michigan,Schoolcraft
68122,Michigan,Shiawassee
52245,Michigan,Tuscola
75677,Michigan,Van Buren
367601,Michigan,Washtenaw
1749343,Michigan,Wayne
33631,Michigan,Wexford
15886,Minnesota,Aitkin
356921,Minnesota,Anoka
34423,Minnesota,Becker
47188,Minnesota,Beltrami
40889,Minnesota,Benton
4991,Minnesota,Big Stone
67653,Minnesota,Blue Earth
25008,Minnesota,Brown
35871,Minnesota,Carlton
105089,Minnesota,Carver
29779,Minnesota,Cass
11800,Minnesota,Chippewa
56579,Minnesota,Chisago
64222,Minnesota,Clay
8818,Minnesota,Clearwater
5463,Minnesota,Cook
11196,Minnesota,Cottonwood
65055,Minnesota,Crow Wing
429021,Minnesota,Dakota
20934,Minnesota,Dodge
38141,Minnesota,Douglas
13653,Minnesota,Faribault
21067,Minnesota,Fillmore
30281,Minnesota,Freeborn
46340,Minnesota,Goodhue
5972,Minnesota,Grant
1265843,Minnesota,Hennepin
18600,Minnesota,Houston
21491,Minnesota,Hubbard
40596,Minnesota,Isanti
45130,Minnesota,Itasca
9846,Minnesota,Jackson
16337,Minnesota,Kanabec
43199,Minnesota,Kandiyohi
4298,Minnesota,Kittson
12229,Minnesota,Koochiching
6623,Minnesota,Lac qui Parle
10641,Minnesota,Lake
3740,Minnesota,Lake of the Woods
28887,Minnesota,Le Sueur
5639,Minnesota,Lincoln
25474,Minnesota,Lyon
35893,Minnesota,McLeod
5527,Minnesota,Mahnomen
9336,Minnesota,Marshall
19683,Minnesota,Martin
23222,Minnesota,Meeker
26277,Minnesota,Mille Lacs
33386,Minnesota,Morrison
40062,Minnesota,Mower
8194,Minnesota,Murray
34274,Minnesota,Nicollet
21629,Minnesota,Nobles
6375,Minnesota,Norman
158293,Minnesota,Olmsted
58746,Minnesota,Otter Tail
14119,Minnesota,Pennington
29579,Minnesota,Pine
9126,Minnesota,Pipestone
31364,Minnesota,Polk
11249,Minnesota,Pope
550321,Minnesota,Ramsey
4055,Minnesota,Red Lake
15170,Minnesota,Redwood
14548,Minnesota,Renville
66972,Minnesota,Rice
9315,Minnesota,Rock
15165,Minnesota,Roseau
199070,Minnesota,St. Louis
149013,Minnesota,Scott
97238,Minnesota,Sherburne
14865,Minnesota,Sibley
161075,Minnesota,Stearns
36649,Minnesota,Steele
9805,Minnesota,Stevens
9266,Minnesota,Swift
24664,Minnesota,Todd
3259,Minnesota,Traverse
21627,Minnesota,Wabasha
13682,Minnesota,Wadena
18612,Minnesota,Waseca
262440,Minnesota,Washington
10897,Minnesota,Watonwan
6207,Minnesota,Wilkin
50484,Minnesota,Winona
138377,Minnesota,Wright
9709,Minnesota,Yellow Medicine
30693,Mississippi,Adams
36953,Mississippi,Alcorn
12297,Mississippi,Amite
18174,Mississippi,Attala
8259,Mississippi,Benton
30628,Mississippi,Bolivar
14361,Mississippi,Calhoun
9947,Mississippi,Carroll
17103,Mississippi,Chickasaw
8210,Mississippi,Choctaw
8988,Mississippi,Claiborne
15541,Mississippi,Clarke
19316,Mississippi,Clay
22124,Mississippi,Coahoma
28065,Mississippi,Copiah
18636,Mississippi,Covington
184945,Mississippi,DeSoto
74897,Mississippi,Forrest
7713,Mississippi,Franklin
24500,Mississippi,George
13586,Mississippi,Greene
20758,Mississippi,Grenada
47632,Mississippi,Hancock
208080,Mississippi,Harrison
231840,Mississippi,Hinds
17010,Mississippi,Holmes
8064,Mississippi,Humphreys
1327,Mississippi,Issaquena
23390,Mississippi,Itawamba
143617,Mississippi,Jackson
16383,Mississippi,Jasper
6990,Mississippi,Jefferson
11128,Mississippi,Jefferson Davis
68098,Mississippi,Jones
9742,Mississippi,Kemper
54019,Mississippi,Lafayette
63343,Mississippi,Lamar
74125,Mississippi,Lauderdale
12586,Mississippi,Lawrence
22786,Mississippi,Leake
85436,Mississippi,Lee
28183,Mississippi,Leflore
34153,Mississippi,Lincoln
58595,Mississippi,Lowndes
106272,Mississippi,Madison
24573,Mississippi,Marion
35294,Mississippi,Marshall
35252,Mississippi,Monroe
9775,Mississippi,Montgomery
29118,Mississippi,Neshoba
21018,Mississippi,Newton
10417,Mississippi,Noxubee
49587,Mississippi,Oktibbeha
34192,Mississippi,Panola
55535,Mississippi,Pearl River
11973,Mississippi,Perry
39288,Mississippi,Pike
32174,Mississippi,Pontotoc
25126,Mississippi,Prentiss
6792,Mississippi,Quitman
155271,Mississippi,Rankin
28124,Mississippi,Scott
4321,Mississippi,Sharkey
26658,Mississippi,Simpson
15916,Mississippi,Smith
18336,Mississippi,Stone
25110,Mississippi,Sunflower
13809,Mississippi,Tallahatchie
28321,Mississippi,Tate
22015,Mississippi,Tippah
19383,Mississippi,Tishomingo
9632,Mississippi,Tunica
28815,Mississippi,Union
14286,Mississippi,Walthall
45381,Mississippi,Warren
43909,Mississippi,Washington
20183,Mississippi,Wayne
9689,Mississippi,Webster
8630,Mississippi,Wilkinson
17955,Mississippi,Winston
12108,Mississippi,Yalobusha
29690,Mississippi,Yazoo
25343,Missouri,Adair
17712,Missouri,Andrew
5143,Missouri,Atchison
25388,Missouri,Audrain
35789,Missouri,Barry
11754,Missouri,Barton
16172,Missouri,Bates
19443,Missouri,Benton
12133,Missouri,Bollinger
180463,Missouri,Boone
87364,Missouri,Buchanan
42478,Missouri,Butler
9020,Missouri,Caldwell
44743,Missouri,Callaway
46305,Missouri,Camden
78871,Missouri,Cape Girardeau
8679,Missouri,Carroll
5982,Missouri,Carter
105780,Missouri,Cass
14349,Missouri,Cedar
7426,Missouri,Chariton
88595,Missouri,Christian
6797,Missouri,Clark
249948,Missouri,Clay
20387,Missouri,Clinton
76745,Missouri,Cole
17709,Missouri,Cooper
23920,Missouri,Crawford
7561,Missouri,Dade
16878,Missouri,Dallas
8278,Missouri,Daviess
12547,Missouri,DeKalb
15573,Missouri,Dent
13185,Missouri,Douglas
29131,Missouri,Dunklin
103967,Missouri,Franklin
14706,Missouri,Gasconade
6571,Missouri,Gentry
293086,Missouri,Greene
9850,Missouri,Grundy
8352,Missouri,Harrison
21824,Missouri,Henry
9544,Missouri,Hickory
4403,Missouri,Holt
10001,Missouri,Howard
40117,Missouri,Howell
10125,Missouri,Iron
703011,Missouri,Jackson
121328,Missouri,Jasper
225081,Missouri,Jefferson
54062,Missouri,Johnson
3959,Missouri,Knox
35723,Missouri,Laclede
32708,Missouri,Lafayette
38355,Missouri,Lawrence
9776,Missouri,Lewis
59013,Missouri,Lincoln
11920,Missouri,Linn
15227,Missouri,Livingston
22837,Missouri,McDonald
15117,Missouri,Macon
12088,Missouri,Madison
8697,Missouri,Maries
28530,Missouri,Marion
3617,Missouri,Mercer
25619,Missouri,Miller
13180,Missouri,Mississippi
16132,Missouri,Moniteau
8644,Missouri,Monroe
11551,Missouri,Montgomery
20627,Missouri,Morgan
17076,Missouri,New Madrid
58236,Missouri,Newton
22092,Missouri,Nodaway
10529,Missouri,Oregon
13615,Missouri,Osage
9174,Missouri,Ozark
15805,Missouri,Pemiscot
19136,Missouri,Perry
42339,Missouri,Pettis
44573,Missouri,Phelps
18302,Missouri,Pike
104418,Missouri,Platte
32149,Missouri,Polk
52607,Missouri,Pulaski
4696,Missouri,Putnam
10309,Missouri,Ralls
24748,Missouri,Randolph
23018,Missouri,Ray
6270,Missouri,Reynolds
13288,Missouri,Ripley
402022,Missouri,St. Charles
9397,Missouri,St. Clair
17894,Missouri,Ste. Genevieve
67215,Missouri,St. Francois
994205,Missouri,St. Louis
22761,Missouri,Saline
4660,Missouri,Schuyler
4902,Missouri,Scotland
38280,Missouri,Scott
8166,Missouri,Shannon
5930,Missouri,Shelby
29025,Missouri,Stoddard
31952,Missouri,Stone
6089,Missouri,Sullivan
55928,Missouri,Taney
25398,Missouri,Texas
20563,Missouri,Vernon
35649,Missouri,Warren
24730,Missouri,Washington
12873,Missouri,Wayne
39592,Missouri,Webster
2013,Missouri,Worth
18289,Missouri,Wright
300576,Missouri,St. Louis city
9453,Montana,Beaverhead
13319,Montana,Big Horn
6681,Montana,Blaine
6237,Montana,Broadwater
10725,Montana,Carbon
1252,Montana,Carter
81366,Montana,Cascade
5635,Montana,Chouteau
11402,Montana,Custer
1690,Montana,Daniels
8613,Montana,Dawson
9140,Montana,Deer Lodge
2846,Montana,Fallon
11050,Montana,Fergus
103806,Montana,Flathead
114434,Montana,Gallatin
1258,Montana,Garfield
13753,Montana,Glacier
821,Montana,Golden Valley
3379,Montana,Granite
16484,Montana,Hill
12221,Montana,Jefferson
2007,Montana,Judith Basin
30458,Montana,Lake
69432,Montana,Lewis and Clark
2337,Montana,Liberty
19980,Montana,Lincoln
1664,Montana,McCone
8600,Montana,Madison
1862,Montana,Meagher
4397,Montana,Mineral
119600,Montana,Missoula
4633,Montana,Musselshell
16606,Montana,Park
487,Montana,Petroleum
3954,Montana,Phillips
5911,Montana,Pondera
1682,Montana,Powder River
6890,Montana,Powell
1077,Montana,Prairie
43806,Montana,Ravalli
10803,Montana,Richland
11004,Montana,Roosevelt
8937,Montana,Rosebud
12113,Montana,Sanders
3309,Montana,Sheridan
34915,Montana,Silver Bow
9642,Montana,Stillwater
3737,Montana,Sweet Grass
6147,Montana,Teton
4736,Montana,Toole
696,Montana,Treasure
7396,Montana,Valley
2126,Montana,Wheatland
969,Montana,Wibaux
161300,Montana,Yellowstone
31363,Nebraska,Adams
6298,Nebraska,Antelope
463,Nebraska,Arthur
745,Nebraska,Banner
465,Nebraska,Blaine
5192,Nebraska,Boone
10783,Nebraska,Box Butte
1919,Nebraska,Boyd
2955,Nebraska,Brown
49659,Nebraska,Buffalo
6459,Nebraska,Burt
8016,Nebraska,Butler
26248,Nebraska,Cass
8402,Nebraska,Cedar
3924,Nebraska,Chase
5689,Nebraska,Cherry
8910,Nebraska,Cheyenne
6203,Nebraska,Clay
10709,Nebraska,Colfax
8846,Nebraska,Cuming
10777,Nebraska,Custer
20026,Nebraska,Dakota
8589,Nebraska,Dawes
23595,Nebraska,Dawson
1794,Nebraska,Deuel
5636,Nebraska,Dixon
36565,Nebraska,Dodge
571327,Nebraska,Douglas
1693,Nebraska,Dundy
5462,Nebraska,Fillmore
2979,Nebraska,Franklin
2627,Nebraska,Frontier
4676,Nebraska,Furnas
21513,Nebraska,Gage
1837,Nebraska,Garden
1969,Nebraska,Garfield
1990,Nebraska,Gosper
623,Nebraska,Grant
2356,Nebraska,Greeley
61353,Nebraska,Hall
9324,Nebraska,Hamilton
3380,Nebraska,Harlan
922,Nebraska,Hayes
2762,Nebraska,Hitchcock
10067,Nebraska,Holt
682,Nebraska,Hooker
6445,Nebraska,Howard
7046,Nebraska,Jefferson
5071,Nebraska,Johnson
6495,Nebraska,Kearney
8034,Nebraska,Keith
806,Nebraska,Keya Paha
3632,Nebraska,Kimball
8332,Nebraska,Knox
319090,Nebraska,Lancaster
34914,Nebraska,Lincoln
748,Nebraska,Logan
664,Nebraska,Loup
494,Nebraska,McPherson
35099,Nebraska,Madison
7755,Nebraska,Merrick
4642,Nebraska,Morrill
3519,Nebraska,Nance
6972,Nebraska,Nemaha
4148,Nebraska,Nuckolls
16012,Nebraska,Otoe
2613,Nebraska,Pawnee
2891,Nebraska,Perkins
9034,Nebraska,Phelps
7148,Nebraska,Pierce
33470,Nebraska,Platte
5213,Nebraska,Polk
10724,Nebraska,Red Willow
7865,Nebraska,Richardson
1357,Nebraska,Rock
14224,Nebraska,Saline
187196,Nebraska,Sarpy
21578,Nebraska,Saunders
35618,Nebraska,Scotts Bluff
17284,Nebraska,Seward
5246,Nebraska,Sheridan
3001,Nebraska,Sherman
1166,Nebraska,Sioux
5920,Nebraska,Stanton
5003,Nebraska,Thayer
722,Nebraska,Thomas
7224,Nebraska,Thurston
4158,Nebraska,Valley
20729,Nebraska,Washington
9385,Nebraska,Wayne
3487,Nebraska,Webster
783,Nebraska,Wheeler
13679,Nebraska,York
24909,Nevada,Churchill
2266715,Nevada,Clark
48905,Nevada,Douglas
52778,Nevada,Elko
873,Nevada,Esmeralda
2029,Nevada,Eureka
16831,Nevada,Humboldt
5532,Nevada,Lander
5183,Nevada,Lincoln
57510,Nevada,Lyon
4505,Nevada,Mineral
46523,Nevada,Nye
6725,Nevada,Pershing
4123,Nevada,Storey
471519,Nevada,Washoe
9580,Nevada,White Pine
55916,Nevada,Carson City
1359711,New Hampshire,New Hampshire
61303,New Hampshire,Belknap
48910,New Hampshire,Carroll
76085,New Hampshire,Cheshire
31563,New Hampshire,Coos
89886,New Hampshire,Grafton
417025,New Hampshire,Hillsborough
151391,New Hampshire,Merrimack
309769,New Hampshire,Rockingham
130633,New Hampshire,Strafford
43146,New Hampshire,Sullivan
8882190,New Jersey,New Jersey
263670,New Jersey,Atlantic
932202,New Jersey,Bergen
445349,New Jersey,Burlington
506471,New Jersey,Camden
92039,New Jersey,Cape May
149527,New Jersey,Cumberland
798975,New Jersey,Essex
291636,New Jersey,Gloucester
672391,New Jersey,Hudson
124371,New Jersey,Hunterdon
367430,New Jersey,Mercer
825062,New Jersey,Middlesex
618795,New Jersey,Monmouth
491845,New Jersey,Morris
607186,New Jersey,Ocean
501826,New Jersey,Passaic
62385,New Jersey,Salem
328934,New Jersey,Somerset
140488,New Jersey,Sussex
556341,New Jersey,Union
105267,New Jersey,Warren
2096829,New Mexico,New Mexico
679121,New Mexico,Bernalillo
3527,New Mexico,Catron
64615,New Mexico,Chaves
26675,New Mexico,Cibola
11941,New Mexico,Colfax
48954,New Mexico,Curry
1748,New Mexico,De Baca
218195,New Mexico,Do�a Ana
58460,New Mexico,Eddy
26998,New Mexico,Grant
4300,New Mexico,Guadalupe
625,New Mexico,Harding
4198,New Mexico,Hidalgo
71070,New Mexico,Lea
19572,New Mexico,Lincoln
19369,New Mexico,Los Alamos
23709,New Mexico,Luna
71367,New Mexico,McKinley
4521,New Mexico,Mora
67490,New Mexico,Otero
8253,New Mexico,Quay
38921,New Mexico,Rio Arriba
18500,New Mexico,Roosevelt
146748,New Mexico,Sandoval
123958,New Mexico,San Juan
27277,New Mexico,San Miguel
150358,New Mexico,Santa Fe
10791,New Mexico,Sierra
16637,New Mexico,Socorro
32723,New Mexico,Taos
15461,New Mexico,Torrance
4059,New Mexico,Union
76688,New Mexico,Valencia
19453561,New York,New York
305506,New York,Albany
46091,New York,Allegany
1418207,New York,Bronx
190488,New York,Broome
76117,New York,Cattaraugus
76576,New York,Cayuga
126903,New York,Chautauqua
83456,New York,Chemung
47207,New York,Chenango
80485,New York,Clinton
59461,New York,Columbia
47581,New York,Cortland
44135,New York,Delaware
294218,New York,Dutchess
918702,New York,Erie
36885,New York,Essex
50022,New York,Franklin
53383,New York,Fulton
57280,New York,Genesee
47188,New York,Greene
4416,New York,Hamilton
61319,New York,Herkimer
109834,New York,Jefferson
2559903,New York,Kings
26296,New York,Lewis
62914,New York,Livingston
70941,New York,Madison
741770,New York,Monroe
49221,New York,Montgomery
1356924,New York,Nassau
1628706,New York,New York
209281,New York,Niagara
228671,New York,Oneida
460528,New York,Onondaga
109777,New York,Ontario
384940,New York,Orange
40352,New York,Orleans
117124,New York,Oswego
59493,New York,Otsego
98320,New York,Putnam
2253858,New York,Queens
158714,New York,Rensselaer
476143,New York,Richmond
325789,New York,Rockland
107740,New York,St. Lawrence
229863,New York,Saratoga
155299,New York,Schenectady
30999,New York,Schoharie
17807,New York,Schuyler
34016,New York,Seneca
95379,New York,Steuben
1476601,New York,Suffolk
75432,New York,Sullivan
48203,New York,Tioga
102180,New York,Tompkins
177573,New York,Ulster
63944,New York,Warren
61204,New York,Washington
89918,New York,Wayne
967506,New York,Westchester
39859,New York,Wyoming
24913,New York,Yates
10488084,North Carolina,North Carolina
169509,North Carolina,Alamance
37497,North Carolina,Alexander
11137,North Carolina,Alleghany
24446,North Carolina,Anson
27203,North Carolina,Ashe
17557,North Carolina,Avery
46994,North Carolina,Beaufort
18947,North Carolina,Bertie
32722,North Carolina,Bladen
142820,North Carolina,Brunswick
261191,North Carolina,Buncombe
90485,North Carolina,Burke
216453,North Carolina,Cabarrus
82178,North Carolina,Caldwell
10867,North Carolina,Camden
69473,North Carolina,Carteret
22604,North Carolina,Caswell
159551,North Carolina,Catawba
74470,North Carolina,Chatham
28612,North Carolina,Cherokee
13943,North Carolina,Chowan
11231,North Carolina,Clay
97947,North Carolina,Cleveland
55508,North Carolina,Columbus
102139,North Carolina,Craven
335509,North Carolina,Cumberland
27763,North Carolina,Currituck
37009,North Carolina,Dare
167609,North Carolina,Davidson
42846,North Carolina,Davie
58741,North Carolina,Duplin
321488,North Carolina,Durham
51472,North Carolina,Edgecombe
382295,North Carolina,Forsyth
69685,North Carolina,Franklin
224529,North Carolina,Gaston
11562,North Carolina,Gates
8441,North Carolina,Graham
60443,North Carolina,Granville
21069,North Carolina,Greene
537174,North Carolina,Guilford
50010,North Carolina,Halifax
135976,North Carolina,Harnett
62317,North Carolina,Haywood
117417,North Carolina,Henderson
23677,North Carolina,Hertford
55234,North Carolina,Hoke
4937,North Carolina,Hyde
181806,North Carolina,Iredell
43938,North Carolina,Jackson
209339,North Carolina,Johnston
9419,North Carolina,Jones
61779,North Carolina,Lee
55949,North Carolina,Lenoir
86111,North Carolina,Lincoln
45756,North Carolina,McDowell
35858,North Carolina,Macon
21755,North Carolina,Madison
22440,North Carolina,Martin
1110356,North Carolina,Mecklenburg
14964,North Carolina,Mitchell
27173,North Carolina,Montgomery
100880,North Carolina,Moore
94298,North Carolina,Nash
234473,North Carolina,New Hanover
19483,North Carolina,Northampton
197938,North Carolina,Onslow
148476,North Carolina,Orange
12726,North Carolina,Pamlico
39824,North Carolina,Pasquotank
63060,North Carolina,Pender
13463,North Carolina,Perquimans
39490,North Carolina,Person
180742,North Carolina,Pitt
20724,North Carolina,Polk
143667,North Carolina,Randolph
44829,North Carolina,Richmond
130625,North Carolina,Robeson
91010,North Carolina,Rockingham
142088,North Carolina,Rowan
67029,North Carolina,Rutherford
63531,North Carolina,Sampson
34823,North Carolina,Scotland
62806,North Carolina,Stanly
45591,North Carolina,Stokes
71783,North Carolina,Surry
14271,North Carolina,Swain
34385,North Carolina,Transylvania
4016,North Carolina,Tyrrell
239859,North Carolina,Union
44535,North Carolina,Vance
1111761,North Carolina,Wake
19731,North Carolina,Warren
11580,North Carolina,Washington
56177,North Carolina,Watauga
123131,North Carolina,Wayne
68412,North Carolina,Wilkes
81801,North Carolina,Wilson
37667,North Carolina,Yadkin
18069,North Carolina,Yancey
762062,North Dakota,North Dakota
2216,North Dakota,Adams
10415,North Dakota,Barnes
6832,North Dakota,Benson
928,North Dakota,Billings
6282,North Dakota,Bottineau
3024,North Dakota,Bowman
2115,North Dakota,Burke
95626,North Dakota,Burleigh
181923,North Dakota,Cass
3762,North Dakota,Cavalier
4872,North Dakota,Dickey
2264,North Dakota,Divide
4424,North Dakota,Dunn
2287,North Dakota,Eddy
3241,North Dakota,Emmons
3210,North Dakota,Foster
1761,North Dakota,Golden Valley
69451,North Dakota,Grand Forks
2274,North Dakota,Grant
2231,North Dakota,Griggs
2499,North Dakota,Hettinger
2480,North Dakota,Kidder
4046,North Dakota,LaMoure
1850,North Dakota,Logan
5745,North Dakota,McHenry
2497,North Dakota,McIntosh
15024,North Dakota,McKenzie
9450,North Dakota,McLean
8187,North Dakota,Mercer
31364,North Dakota,Morton
10545,North Dakota,Mountrail
2879,North Dakota,Nelson
1959,North Dakota,Oliver
6801,North Dakota,Pembina
3975,North Dakota,Pierce
11519,North Dakota,Ramsey
5218,North Dakota,Ransom
2327,North Dakota,Renville
16177,North Dakota,Richland
14176,North Dakota,Rolette
3898,North Dakota,Sargent
1315,North Dakota,Sheridan
4230,North Dakota,Sioux
750,North Dakota,Slope
31489,North Dakota,Stark
1890,North Dakota,Steele
20704,North Dakota,Stutsman
2189,North Dakota,Towner
8036,North Dakota,Traill
10641,North Dakota,Walsh
67641,North Dakota,Ward
3834,North Dakota,Wells
37589,North Dakota,Williams
27698,Ohio,Adams
102351,Ohio,Allen
53484,Ohio,Ashland
97241,Ohio,Ashtabula
65327,Ohio,Athens
45656,Ohio,Auglaize
67006,Ohio,Belmont
43432,Ohio,Brown
383134,Ohio,Butler
26914,Ohio,Carroll
38885,Ohio,Champaign
134083,Ohio,Clark
206428,Ohio,Clermont
41968,Ohio,Clinton
101883,Ohio,Columbiana
36600,Ohio,Coshocton
41494,Ohio,Crawford
1235072,Ohio,Cuyahoga
51113,Ohio,Darke
38087,Ohio,Defiance
209177,Ohio,Delaware
74266,Ohio,Erie
157574,Ohio,Fairfield
28525,Ohio,Fayette
1316756,Ohio,Franklin
42126,Ohio,Fulton
29898,Ohio,Gallia
93649,Ohio,Geauga
168937,Ohio,Greene
38875,Ohio,Guernsey
817473,Ohio,Hamilton
75783,Ohio,Hancock
31365,Ohio,Hardin
15040,Ohio,Harrison
27006,Ohio,Henry
43161,Ohio,Highland
28264,Ohio,Hocking
43960,Ohio,Holmes
58266,Ohio,Huron
32413,Ohio,Jackson
65325,Ohio,Jefferson
62322,Ohio,Knox
230149,Ohio,Lake
59463,Ohio,Lawrence
176862,Ohio,Licking
45672,Ohio,Logan
309833,Ohio,Lorain
428348,Ohio,Lucas
44731,Ohio,Madison
228683,Ohio,Mahoning
65093,Ohio,Marion
179746,Ohio,Medina
22907,Ohio,Meigs
41172,Ohio,Mercer
106987,Ohio,Miami
13654,Ohio,Monroe
531687,Ohio,Montgomery
14508,Ohio,Morgan
35328,Ohio,Morrow
86215,Ohio,Muskingum
14424,Ohio,Noble
40525,Ohio,Ottawa
18672,Ohio,Paulding
36134,Ohio,Perry
58457,Ohio,Pickaway
27772,Ohio,Pike
162466,Ohio,Portage
40882,Ohio,Preble
33861,Ohio,Putnam
121154,Ohio,Richland
76666,Ohio,Ross
58518,Ohio,Sandusky
75314,Ohio,Scioto
55178,Ohio,Seneca
48590,Ohio,Shelby
370606,Ohio,Stark
541013,Ohio,Summit
197974,Ohio,Trumbull
91987,Ohio,Tuscarawas
58988,Ohio,Union
28275,Ohio,Van Wert
13085,Ohio,Vinton
234602,Ohio,Warren
59911,Ohio,Washington
115710,Ohio,Wayne
36692,Ohio,Williams
130817,Ohio,Wood
21772,Ohio,Wyandot
22194,Oklahoma,Adair
5702,Oklahoma,Alfalfa
13758,Oklahoma,Atoka
5311,Oklahoma,Beaver
21859,Oklahoma,Beckham
9429,Oklahoma,Blaine
47995,Oklahoma,Bryan
28762,Oklahoma,Caddo
148306,Oklahoma,Canadian
48111,Oklahoma,Carter
48657,Oklahoma,Cherokee
14672,Oklahoma,Choctaw
2137,Oklahoma,Cimarron
284014,Oklahoma,Cleveland
5495,Oklahoma,Coal
120749,Oklahoma,Comanche
5666,Oklahoma,Cotton
14142,Oklahoma,Craig
71522,Oklahoma,Creek
29003,Oklahoma,Custer
43009,Oklahoma,Delaware
4891,Oklahoma,Dewey
3859,Oklahoma,Ellis
61056,Oklahoma,Garfield
27711,Oklahoma,Garvin
55834,Oklahoma,Grady
4333,Oklahoma,Grant
5712,Oklahoma,Greer
2653,Oklahoma,Harmon
3688,Oklahoma,Harper
12627,Oklahoma,Haskell
13279,Oklahoma,Hughes
24530,Oklahoma,Jackson
6002,Oklahoma,Jefferson
11085,Oklahoma,Johnston
43538,Oklahoma,Kay
15765,Oklahoma,Kingfisher
8708,Oklahoma,Kiowa
10073,Oklahoma,Latimer
49853,Oklahoma,Le Flore
34877,Oklahoma,Lincoln
48011,Oklahoma,Logan
10253,Oklahoma,Love
40474,Oklahoma,McClain
32832,Oklahoma,McCurtain
19596,Oklahoma,McIntosh
7629,Oklahoma,Major
16931,Oklahoma,Marshall
41100,Oklahoma,Mayes
14073,Oklahoma,Murray
67997,Oklahoma,Muskogee
11131,Oklahoma,Noble
10076,Oklahoma,Nowata
11993,Oklahoma,Okfuskee
797434,Oklahoma,Oklahoma
38465,Oklahoma,Okmulgee
46963,Oklahoma,Osage
31127,Oklahoma,Ottawa
16376,Oklahoma,Pawnee
81784,Oklahoma,Payne
43654,Oklahoma,Pittsburg
38284,Oklahoma,Pontotoc
72592,Oklahoma,Pottawatomie
11096,Oklahoma,Pushmataha
3583,Oklahoma,Roger Mills
92459,Oklahoma,Rogers
24258,Oklahoma,Seminole
41569,Oklahoma,Sequoyah
43143,Oklahoma,Stephens
19983,Oklahoma,Texas
7250,Oklahoma,Tillman
651552,Oklahoma,Tulsa
81289,Oklahoma,Wagoner
51527,Oklahoma,Washington
10916,Oklahoma,Washita
8793,Oklahoma,Woods
20211,Oklahoma,Woodward
16124,Oregon,Baker
93053,Oregon,Benton
418187,Oregon,Clackamas
40224,Oregon,Clatsop
52354,Oregon,Columbia
64487,Oregon,Coos
24404,Oregon,Crook
22925,Oregon,Curry
197692,Oregon,Deschutes
110980,Oregon,Douglas
1912,Oregon,Gilliam
7199,Oregon,Grant
7393,Oregon,Harney
23382,Oregon,Hood River
220944,Oregon,Jackson
24658,Oregon,Jefferson
87487,Oregon,Josephine
68238,Oregon,Klamath
7869,Oregon,Lake
382067,Oregon,Lane
49962,Oregon,Lincoln
129749,Oregon,Linn
30571,Oregon,Malheur
347818,Oregon,Marion
11603,Oregon,Morrow
812855,Oregon,Multnomah
86085,Oregon,Polk
1780,Oregon,Sherman
27036,Oregon,Tillamook
77950,Oregon,Umatilla
26835,Oregon,Union
7208,Oregon,Wallowa
26682,Oregon,Wasco
601592,Oregon,Washington
1332,Oregon,Wheeler
107100,Oregon,Yamhill
103009,Pennsylvania,Adams
1216045,Pennsylvania,Allegheny
64735,Pennsylvania,Armstrong
163929,Pennsylvania,Beaver
47888,Pennsylvania,Bedford
421164,Pennsylvania,Berks
121829,Pennsylvania,Blair
60323,Pennsylvania,Bradford
628270,Pennsylvania,Bucks
187853,Pennsylvania,Butler
130192,Pennsylvania,Cambria
4447,Pennsylvania,Cameron
64182,Pennsylvania,Carbon
162385,Pennsylvania,Centre
524989,Pennsylvania,Chester
38438,Pennsylvania,Clarion
79255,Pennsylvania,Clearfield
38632,Pennsylvania,Clinton
64964,Pennsylvania,Columbia
84629,Pennsylvania,Crawford
253370,Pennsylvania,Cumberland
278299,Pennsylvania,Dauphin
566747,Pennsylvania,Delaware
29910,Pennsylvania,Elk
269728,Pennsylvania,Erie
129274,Pennsylvania,Fayette
7247,Pennsylvania,Forest
155027,Pennsylvania,Franklin
14530,Pennsylvania,Fulton
36233,Pennsylvania,Greene
45144,Pennsylvania,Huntingdon
84073,Pennsylvania,Indiana
43425,Pennsylvania,Jefferson
24763,Pennsylvania,Juniata
209674,Pennsylvania,Lackawanna
545724,Pennsylvania,Lancaster
85512,Pennsylvania,Lawrence
141793,Pennsylvania,Lebanon
369318,Pennsylvania,Lehigh
317417,Pennsylvania,Luzerne
113299,Pennsylvania,Lycoming
40625,Pennsylvania,McKean
109424,Pennsylvania,Mercer
46138,Pennsylvania,Mifflin
170271,Pennsylvania,Monroe
830915,Pennsylvania,Montgomery
18230,Pennsylvania,Montour
305285,Pennsylvania,Northampton
90843,Pennsylvania,Northumberland
46272,Pennsylvania,Perry
1584064,Pennsylvania,Philadelphia
55809,Pennsylvania,Pike
16526,Pennsylvania,Potter
141359,Pennsylvania,Schuylkill
40372,Pennsylvania,Snyder
73447,Pennsylvania,Somerset
6066,Pennsylvania,Sullivan
40328,Pennsylvania,Susquehanna
40591,Pennsylvania,Tioga
44923,Pennsylvania,Union
50668,Pennsylvania,Venango
39191,Pennsylvania,Warren
206865,Pennsylvania,Washington
51361,Pennsylvania,Wayne
348899,Pennsylvania,Westmoreland
26794,Pennsylvania,Wyoming
449058,Pennsylvania,York
1059361,Rhode Island,Rhode Island
48479,Rhode Island,Bristol
164292,Rhode Island,Kent
82082,Rhode Island,Newport
638931,Rhode Island,Providence
125577,Rhode Island,Washington
5148714,South Carolina,South Carolina
24527,South Carolina,Abbeville
170872,South Carolina,Aiken
8688,South Carolina,Allendale
202558,South Carolina,Anderson
14066,South Carolina,Bamberg
20866,South Carolina,Barnwell
192122,South Carolina,Beaufort
227907,South Carolina,Berkeley
14553,South Carolina,Calhoun
411406,South Carolina,Charleston
57300,South Carolina,Cherokee
32244,South Carolina,Chester
45650,South Carolina,Chesterfield
33745,South Carolina,Clarendon
37677,South Carolina,Colleton
66618,South Carolina,Darlington
30479,South Carolina,Dillon
162809,South Carolina,Dorchester
27260,South Carolina,Edgefield
22347,South Carolina,Fairfield
138293,South Carolina,Florence
62680,South Carolina,Georgetown
523542,South Carolina,Greenville
70811,South Carolina,Greenwood
19222,South Carolina,Hampton
354081,South Carolina,Horry
30073,South Carolina,Jasper
66551,South Carolina,Kershaw
98012,South Carolina,Lancaster
67493,South Carolina,Laurens
16828,South Carolina,Lee
298750,South Carolina,Lexington
9463,South Carolina,McCormick
30657,South Carolina,Marion
26118,South Carolina,Marlboro
38440,South Carolina,Newberry
79546,South Carolina,Oconee
86175,South Carolina,Orangeburg
126884,South Carolina,Pickens
415759,South Carolina,Richland
20473,South Carolina,Saluda
319785,South Carolina,Spartanburg
106721,South Carolina,Sumter
27316,South Carolina,Union
30368,South Carolina,Williamsburg
280979,South Carolina,York
884659,South Dakota,South Dakota
2751,South Dakota,Aurora
18453,South Dakota,Beadle
3365,South Dakota,Bennett
6901,South Dakota,Bon Homme
35077,South Dakota,Brookings
38839,South Dakota,Brown
5297,South Dakota,Brule
1962,South Dakota,Buffalo
10429,South Dakota,Butte
1376,South Dakota,Campbell
9292,South Dakota,Charles Mix
3736,South Dakota,Clark
14070,South Dakota,Clay
28009,South Dakota,Codington
4086,South Dakota,Corson
8972,South Dakota,Custer
19775,South Dakota,Davison
5424,South Dakota,Day
4351,South Dakota,Deuel
5892,South Dakota,Dewey
2921,South Dakota,Douglas
3829,South Dakota,Edmunds
6713,South Dakota,Fall River
2299,South Dakota,Faulk
7052,South Dakota,Grant
4185,South Dakota,Gregory
1899,South Dakota,Haakon
6164,South Dakota,Hamlin
3191,South Dakota,Hand
3453,South Dakota,Hanson
1298,South Dakota,Harding
17526,South Dakota,Hughes
7291,South Dakota,Hutchinson
1301,South Dakota,Hyde
3344,South Dakota,Jackson
2013,South Dakota,Jerauld
903,South Dakota,Jones
4939,South Dakota,Kingsbury
12797,South Dakota,Lake
25844,South Dakota,Lawrence
61128,South Dakota,Lincoln
3781,South Dakota,Lyman
5586,South Dakota,McCook
2379,South Dakota,McPherson
4935,South Dakota,Marshall
28332,South Dakota,Meade
2061,South Dakota,Mellette
2216,South Dakota,Miner
193134,South Dakota,Minnehaha
6576,South Dakota,Moody
14177,South Dakota,Oglala Lakota
113775,South Dakota,Pennington
2865,South Dakota,Perkins
2153,South Dakota,Potter
10394,South Dakota,Roberts
2344,South Dakota,Sanborn
6376,South Dakota,Spink
3098,South Dakota,Stanley
1391,South Dakota,Sully
10177,South Dakota,Todd
5441,South Dakota,Tripp
8384,South Dakota,Turner
15932,South Dakota,Union
5435,South Dakota,Walworth
22814,South Dakota,Yankton
2756,South Dakota,Ziebach
76978,Tennessee,Anderson
49713,Tennessee,Bedford
16160,Tennessee,Benton
15064,Tennessee,Bledsoe
133088,Tennessee,Blount
108110,Tennessee,Bradley
39842,Tennessee,Campbell
14678,Tennessee,Cannon
27767,Tennessee,Carroll
56391,Tennessee,Carter
40667,Tennessee,Cheatham
17297,Tennessee,Chester
31959,Tennessee,Claiborne
7615,Tennessee,Clay
36004,Tennessee,Cocke
56520,Tennessee,Coffee
14230,Tennessee,Crockett
60520,Tennessee,Cumberland
694144,Tennessee,Davidson
11663,Tennessee,Decatur
20490,Tennessee,DeKalb
53948,Tennessee,Dickson
37159,Tennessee,Dyer
41133,Tennessee,Fayette
18523,Tennessee,Fentress
42208,Tennessee,Franklin
49133,Tennessee,Gibson
29464,Tennessee,Giles
23320,Tennessee,Grainger
69069,Tennessee,Greene
13427,Tennessee,Grundy
64934,Tennessee,Hamblen
367804,Tennessee,Hamilton
6620,Tennessee,Hancock
25050,Tennessee,Hardeman
25652,Tennessee,Hardin
56786,Tennessee,Hawkins
17304,Tennessee,Haywood
28117,Tennessee,Henderson
32345,Tennessee,Henry
25178,Tennessee,Hickman
8201,Tennessee,Houston
18582,Tennessee,Humphreys
11786,Tennessee,Jackson
54495,Tennessee,Jefferson
17788,Tennessee,Johnson
470313,Tennessee,Knox
7016,Tennessee,Lake
25633,Tennessee,Lauderdale
44142,Tennessee,Lawrence
12268,Tennessee,Lewis
34366,Tennessee,Lincoln
54068,Tennessee,Loudon
53794,Tennessee,McMinn
25694,Tennessee,McNairy
24602,Tennessee,Macon
97984,Tennessee,Madison
28907,Tennessee,Marion
34375,Tennessee,Marshall
96387,Tennessee,Maury
12422,Tennessee,Meigs
46545,Tennessee,Monroe
208993,Tennessee,Montgomery
6488,Tennessee,Moore
21403,Tennessee,Morgan
30069,Tennessee,Obion
22241,Tennessee,Overton
8076,Tennessee,Perry
5048,Tennessee,Pickett
16832,Tennessee,Polk
80245,Tennessee,Putnam
33167,Tennessee,Rhea
53382,Tennessee,Roane
71813,Tennessee,Robertson
332285,Tennessee,Rutherford
22068,Tennessee,Scott
15026,Tennessee,Sequatchie
98250,Tennessee,Sevier
937166,Tennessee,Shelby
20157,Tennessee,Smith
13715,Tennessee,Stewart
158348,Tennessee,Sullivan
191283,Tennessee,Sumner
61599,Tennessee,Tipton
11284,Tennessee,Trousdale
17883,Tennessee,Unicoi
19972,Tennessee,Union
5872,Tennessee,Van Buren
41277,Tennessee,Warren
129375,Tennessee,Washington
16673,Tennessee,Wayne
33328,Tennessee,Weakley
27345,Tennessee,White
238412,Tennessee,Williamson
144657,Tennessee,Wilson
57735,Texas,Anderson
18705,Texas,Andrews
86715,Texas,Angelina
23510,Texas,Aransas
8553,Texas,Archer
1887,Texas,Armstrong
51153,Texas,Atascosa
30032,Texas,Austin
7000,Texas,Bailey
23112,Texas,Bandera
88723,Texas,Bastrop
3509,Texas,Baylor
32565,Texas,Bee
362924,Texas,Bell
2003554,Texas,Bexar
11931,Texas,Blanco
654,Texas,Borden
18685,Texas,Bosque
93245,Texas,Bowie
374264,Texas,Brazoria
229211,Texas,Brazos
9203,Texas,Brewster
1546,Texas,Briscoe
7093,Texas,Brooks
37864,Texas,Brown
18443,Texas,Burleson
48155,Texas,Burnet
43664,Texas,Caldwell
21290,Texas,Calhoun
13943,Texas,Callahan
423163,Texas,Cameron
13094,Texas,Camp
5926,Texas,Carson
30026,Texas,Cass
7530,Texas,Castro
43837,Texas,Chambers
52646,Texas,Cherokee
7306,Texas,Childress
10471,Texas,Clay
2853,Texas,Cochran
3387,Texas,Coke
8175,Texas,Coleman
1034730,Texas,Collin
2920,Texas,Collingsworth
21493,Texas,Colorado
156209,Texas,Comal
13635,Texas,Comanche
2726,Texas,Concho
41257,Texas,Cooke
75951,Texas,Coryell
1398,Texas,Cottle
4797,Texas,Crane
3464,Texas,Crockett
5737,Texas,Crosby
2171,Texas,Culberson
7287,Texas,Dallam
2635516,Texas,Dallas
12728,Texas,Dawson
18546,Texas,Deaf Smith
5331,Texas,Delta
887207,Texas,Denton
20160,Texas,DeWitt
2211,Texas,Dickens
10124,Texas,Dimmit
3278,Texas,Donley
11157,Texas,Duval
18360,Texas,Eastland
166223,Texas,Ector
1932,Texas,Edwards
184826,Texas,Ellis
839238,Texas,El Paso
42698,Texas,Erath
17297,Texas,Falls
35514,Texas,Fannin
25346,Texas,Fayette
3830,Texas,Fisher
5712,Texas,Floyd
1155,Texas,Foard
811688,Texas,Fort Bend
10725,Texas,Franklin
19717,Texas,Freestone
20306,Texas,Frio
21492,Texas,Gaines
342139,Texas,Galveston
6229,Texas,Garza
26988,Texas,Gillespie
1409,Texas,Glasscock
7658,Texas,Goliad
20837,Texas,Gonzales
21886,Texas,Gray
136212,Texas,Grayson
123945,Texas,Gregg
28880,Texas,Grimes
166847,Texas,Guadalupe
33406,Texas,Hale
2964,Texas,Hall
8461,Texas,Hamilton
5399,Texas,Hansford
3933,Texas,Hardeman
57602,Texas,Hardin
4713325,Texas,Harris
66553,Texas,Harrison
5576,Texas,Hartley
5658,Texas,Haskell
230191,Texas,Hays
3819,Texas,Hemphill
82737,Texas,Henderson
868707,Texas,Hidalgo
36649,Texas,Hill
23021,Texas,Hockley
61643,Texas,Hood
37084,Texas,Hopkins
22968,Texas,Houston
36664,Texas,Howard
4886,Texas,Hudspeth
98594,Texas,Hunt
20938,Texas,Hutchinson
1536,Texas,Irion
8935,Texas,Jack
14760,Texas,Jackson
35529,Texas,Jasper
2274,Texas,Jeff Davis
251565,Texas,Jefferson
5200,Texas,Jim Hogg
40482,Texas,Jim Wells
175817,Texas,Johnson
20083,Texas,Jones
15601,Texas,Karnes
136154,Texas,Kaufman
47431,Texas,Kendall
404,Texas,Kenedy
762,Texas,Kent
52600,Texas,Kerr
4337,Texas,Kimble
272,Texas,King
3667,Texas,Kinney
30680,Texas,Kleberg
3664,Texas,Knox
49859,Texas,Lamar
12893,Texas,Lamb
21428,Texas,Lampasas
7520,Texas,La Salle
20154,Texas,Lavaca
17239,Texas,Lee
17404,Texas,Leon
88219,Texas,Liberty
23437,Texas,Limestone
3233,Texas,Lipscomb
12207,Texas,Live Oak
21795,Texas,Llano
169,Texas,Loving
310569,Texas,Lubbock
5951,Texas,Lynn
7984,Texas,McCulloch
256623,Texas,McLennan
743,Texas,McMullen
14284,Texas,Madison
9854,Texas,Marion
5771,Texas,Martin
4274,Texas,Mason
36643,Texas,Matagorda
58722,Texas,Maverick
51584,Texas,Medina
2138,Texas,Menard
176832,Texas,Midland
24823,Texas,Milam
4873,Texas,Mills
8545,Texas,Mitchell
19818,Texas,Montague
607391,Texas,Montgomery
20940,Texas,Moore
12388,Texas,Morris
1200,Texas,Motley
65204,Texas,Nacogdoches
50113,Texas,Navarro
13595,Texas,Newton
14714,Texas,Nolan
362294,Texas,Nueces
9836,Texas,Ochiltree
2112,Texas,Oldham
83396,Texas,Orange
29189,Texas,Palo Pinto
23194,Texas,Panola
142878,Texas,Parker
9605,Texas,Parmer
15823,Texas,Pecos
51353,Texas,Polk
117415,Texas,Potter
6704,Texas,Presidio
12514,Texas,Rains
137713,Texas,Randall
3849,Texas,Reagan
3452,Texas,Real
12023,Texas,Red River
15976,Texas,Reeves
6948,Texas,Refugio
854,Texas,Roberts
17074,Texas,Robertson
104915,Texas,Rockwall
10264,Texas,Runnels
54406,Texas,Rusk
10542,Texas,Sabine
8237,Texas,San Augustine
28859,Texas,San Jacinto
66730,Texas,San Patricio
6055,Texas,San Saba
2793,Texas,Schleicher
16703,Texas,Scurry
3265,Texas,Shackelford
25274,Texas,Shelby
3022,Texas,Sherman
232751,Texas,Smith
9128,Texas,Somervell
64633,Texas,Starr
9366,Texas,Stephens
1291,Texas,Sterling
1350,Texas,Stonewall
3776,Texas,Sutton
7397,Texas,Swisher
2102515,Texas,Tarrant
138034,Texas,Taylor
776,Texas,Terrell
12337,Texas,Terry
1501,Texas,Throckmorton
32750,Texas,Titus
119200,Texas,Tom Green
1273954,Texas,Travis
14651,Texas,Trinity
21672,Texas,Tyler
41753,Texas,Upshur
3657,Texas,Upton
26741,Texas,Uvalde
49025,Texas,Val Verde
56590,Texas,Van Zandt
92084,Texas,Victoria
72971,Texas,Walker
55246,Texas,Waller
11998,Texas,Ward
35882,Texas,Washington
276652,Texas,Webb
41556,Texas,Wharton
5056,Texas,Wheeler
132230,Texas,Wichita
12769,Texas,Wilbarger
21358,Texas,Willacy
590551,Texas,Williamson
51070,Texas,Wilson
8010,Texas,Winkler
69984,Texas,Wise
45539,Texas,Wood
8713,Texas,Yoakum
18010,Texas,Young
14179,Texas,Zapata
11840,Texas,Zavala
6710,Utah,Beaver
56046,Utah,Box Elder
128289,Utah,Cache
20463,Utah,Carbon
950,Utah,Daggett
355481,Utah,Davis
19938,Utah,Duchesne
10012,Utah,Emery
5051,Utah,Garfield
9754,Utah,Grand
54839,Utah,Iron
12017,Utah,Juab
7886,Utah,Kane
13188,Utah,Millard
12124,Utah,Morgan
1479,Utah,Piute
2483,Utah,Rich
1160437,Utah,Salt Lake
15308,Utah,San Juan
30939,Utah,Sanpete
21620,Utah,Sevier
42145,Utah,Summit
72259,Utah,Tooele
35734,Utah,Uintah
636235,Utah,Utah
34091,Utah,Wasatch
177556,Utah,Washington
2711,Utah,Wayne
260213,Utah,Weber
36777,Vermont,Addison
35470,Vermont,Bennington
29993,Vermont,Caledonia
163774,Vermont,Chittenden
6163,Vermont,Essex
49402,Vermont,Franklin
7235,Vermont,Grand Isle
25362,Vermont,Lamoille
28892,Vermont,Orange
27037,Vermont,Orleans
58191,Vermont,Rutland
58409,Vermont,Washington
42222,Vermont,Windham
55062,Vermont,Windsor
32316,Virginia,Accomack
109330,Virginia,Albemarle
14860,Virginia,Alleghany
13145,Virginia,Amelia
31605,Virginia,Amherst
15911,Virginia,Appomattox
236842,Virginia,Arlington
75558,Virginia,Augusta
4147,Virginia,Bath
78997,Virginia,Bedford
6280,Virginia,Bland
33419,Virginia,Botetourt
16231,Virginia,Brunswick
21004,Virginia,Buchanan
17148,Virginia,Buckingham
54885,Virginia,Campbell
30725,Virginia,Caroline
29791,Virginia,Carroll
6963,Virginia,Charles City
11880,Virginia,Charlotte
352802,Virginia,Chesterfield
14619,Virginia,Clarke
5131,Virginia,Craig
52605,Virginia,Culpeper
9932,Virginia,Cumberland
14318,Virginia,Dickenson
28544,Virginia,Dinwiddie
10953,Virginia,Essex
1147532,Virginia,Fairfax
71222,Virginia,Fauquier
15749,Virginia,Floyd
27270,Virginia,Fluvanna
56042,Virginia,Franklin
89313,Virginia,Frederick
16720,Virginia,Giles
37348,Virginia,Gloucester
23753,Virginia,Goochland
15550,Virginia,Grayson
19819,Virginia,Greene
11336,Virginia,Greensville
33911,Virginia,Halifax
107766,Virginia,Hanover
330818,Virginia,Henrico
50557,Virginia,Henry
2190,Virginia,Highland
37109,Virginia,Isle of Wight
76523,Virginia,James City
7025,Virginia,King and Queen
26836,Virginia,King George
17148,Virginia,King William
10603,Virginia,Lancaster
23423,Virginia,Lee
413538,Virginia,Loudoun
37591,Virginia,Louisa
12196,Virginia,Lunenburg
13261,Virginia,Madison
8834,Virginia,Mathews
30587,Virginia,Mecklenburg
10582,Virginia,Middlesex
98535,Virginia,Montgomery
14930,Virginia,Nelson
23091,Virginia,New Kent
11710,Virginia,Northampton
12095,Virginia,Northumberland
15232,Virginia,Nottoway
37051,Virginia,Orange
23902,Virginia,Page
17608,Virginia,Patrick
60354,Virginia,Pittsylvania
29652,Virginia,Powhatan
22802,Virginia,Prince Edward
38353,Virginia,Prince George
470335,Virginia,Prince William
34027,Virginia,Pulaski
7370,Virginia,Rappahannock
9023,Virginia,Richmond
94186,Virginia,Roanoke
22573,Virginia,Rockbridge
81948,Virginia,Rockingham
26586,Virginia,Russell
21566,Virginia,Scott
43616,Virginia,Shenandoah
30104,Virginia,Smyth
17631,Virginia,Southampton
136215,Virginia,Spotsylvania
152882,Virginia,Stafford
6422,Virginia,Surry
11159,Virginia,Sussex
40595,Virginia,Tazewell
40164,Virginia,Warren
53740,Virginia,Washington
18015,Virginia,Westmoreland
37383,Virginia,Wise
28684,Virginia,Wythe
68280,Virginia,York
159428,Virginia,Alexandria city
16762,Virginia,Bristol city
6478,Virginia,Buena Vista city
47266,Virginia,Charlottesville city
244835,Virginia,Chesapeake city
17370,Virginia,Colonial Heights city
5538,Virginia,Covington city
40044,Virginia,Danville city
5346,Virginia,Emporia city
24019,Virginia,Fairfax city
14617,Virginia,Falls Church city
7967,Virginia,Franklin city
29036,Virginia,Fredericksburg city
6347,Virginia,Galax city
134510,Virginia,Hampton city
53016,Virginia,Harrisonburg city
22529,Virginia,Hopewell city
7446,Virginia,Lexington city
82168,Virginia,Lynchburg city
41085,Virginia,Manassas city
17478,Virginia,Manassas Park city
12554,Virginia,Martinsville city
179225,Virginia,Newport News city
242742,Virginia,Norfolk city
3981,Virginia,Norton city
31346,Virginia,Petersburg city
12271,Virginia,Poquoson city
94398,Virginia,Portsmouth city
18249,Virginia,Radford city
230436,Virginia,Richmond city
99143,Virginia,Roanoke city
25301,Virginia,Salem city
24932,Virginia,Staunton city
92108,Virginia,Suffolk city
449974,Virginia,Virginia Beach city
22630,Virginia,Waynesboro city
14954,Virginia,Williamsburg city
28078,Virginia,Winchester city
19983,Washington,Adams
22582,Washington,Asotin
204390,Washington,Benton
77200,Washington,Chelan
77331,Washington,Clallam
488241,Washington,Clark
3985,Washington,Columbia
110593,Washington,Cowlitz
43429,Washington,Douglas
7627,Washington,Ferry
95222,Washington,Franklin
2225,Washington,Garfield
97733,Washington,Grant
75061,Washington,Grays Harbor
85141,Washington,Island
32221,Washington,Jefferson
2252782,Washington,King
271473,Washington,Kitsap
47935,Washington,Kittitas
22425,Washington,Klickitat
80707,Washington,Lewis
10939,Washington,Lincoln
66768,Washington,Mason
42243,Washington,Okanogan
22471,Washington,Pacific
13724,Washington,Pend Oreille
904980,Washington,Pierce
17582,Washington,San Juan
129205,Washington,Skagit
12083,Washington,Skamania
822083,Washington,Snohomish
522798,Washington,Spokane
45723,Washington,Stevens
290536,Washington,Thurston
4488,Washington,Wahkiakum
60760,Washington,Walla Walla
229247,Washington,Whatcom
50104,Washington,Whitman
250873,Washington,Yakima
1792147,West Virginia,West Virginia
16441,West Virginia,Barbour
119171,West Virginia,Berkeley
21457,West Virginia,Boone
13957,West Virginia,Braxton
21939,West Virginia,Brooke
91945,West Virginia,Cabell
7109,West Virginia,Calhoun
8508,West Virginia,Clay
8448,West Virginia,Doddridge
42406,West Virginia,Fayette
7823,West Virginia,Gilmer
11568,West Virginia,Grant
34662,West Virginia,Greenbrier
23175,West Virginia,Hampshire
28810,West Virginia,Hancock
13776,West Virginia,Hardy
67256,West Virginia,Harrison
28576,West Virginia,Jackson
57146,West Virginia,Jefferson
178124,West Virginia,Kanawha
15907,West Virginia,Lewis
20409,West Virginia,Lincoln
32019,West Virginia,Logan
17624,West Virginia,McDowell
56072,West Virginia,Marion
30531,West Virginia,Marshall
26516,West Virginia,Mason
58758,West Virginia,Mercer
26868,West Virginia,Mineral
23424,West Virginia,Mingo
105612,West Virginia,Monongalia
13275,West Virginia,Monroe
17884,West Virginia,Morgan
24496,West Virginia,Nicholas
41411,West Virginia,Ohio
6969,West Virginia,Pendleton
7460,West Virginia,Pleasants
8247,West Virginia,Pocahontas
33432,West Virginia,Preston
56450,West Virginia,Putnam
73361,West Virginia,Raleigh
28695,West Virginia,Randolph
9554,West Virginia,Ritchie
13688,West Virginia,Roane
12573,West Virginia,Summers
16695,West Virginia,Taylor
6839,West Virginia,Tucker
8591,West Virginia,Tyler
24176,West Virginia,Upshur
39402,West Virginia,Wayne
8114,West Virginia,Webster
15065,West Virginia,Wetzel
5821,West Virginia,Wirt
83518,West Virginia,Wood
20394,West Virginia,Wyoming
20220,Wisconsin,Adams
15562,Wisconsin,Ashland
45244,Wisconsin,Barron
15036,Wisconsin,Bayfield
264542,Wisconsin,Brown
13031,Wisconsin,Buffalo
15414,Wisconsin,Burnett
50089,Wisconsin,Calumet
64658,Wisconsin,Chippewa
34774,Wisconsin,Clark
57532,Wisconsin,Columbia
16131,Wisconsin,Crawford
546695,Wisconsin,Dane
87839,Wisconsin,Dodge
27668,Wisconsin,Door
43150,Wisconsin,Douglas
45368,Wisconsin,Dunn
104646,Wisconsin,Eau Claire
4295,Wisconsin,Florence
103403,Wisconsin,Fond du Lac
9004,Wisconsin,Forest
51439,Wisconsin,Grant
36960,Wisconsin,Green
18913,Wisconsin,Green Lake
23678,Wisconsin,Iowa
5687,Wisconsin,Iron
20643,Wisconsin,Jackson
84769,Wisconsin,Jefferson
26687,Wisconsin,Juneau
169561,Wisconsin,Kenosha
20434,Wisconsin,Kewaunee
118016,Wisconsin,La Crosse
16665,Wisconsin,Lafayette
19189,Wisconsin,Langlade
27593,Wisconsin,Lincoln
78981,Wisconsin,Manitowoc
135692,Wisconsin,Marathon
40350,Wisconsin,Marinette
15574,Wisconsin,Marquette
4556,Wisconsin,Menominee
945726,Wisconsin,Milwaukee
46253,Wisconsin,Monroe
37930,Wisconsin,Oconto
35595,Wisconsin,Oneida
187885,Wisconsin,Outagamie
89221,Wisconsin,Ozaukee
7287,Wisconsin,Pepin
42754,Wisconsin,Pierce
43783,Wisconsin,Polk
70772,Wisconsin,Portage
13351,Wisconsin,Price
196311,Wisconsin,Racine
17252,Wisconsin,Richland
163354,Wisconsin,Rock
14178,Wisconsin,Rusk
90687,Wisconsin,St. Croix
64442,Wisconsin,Sauk
16558,Wisconsin,Sawyer
40899,Wisconsin,Shawano
115340,Wisconsin,Sheboygan
20343,Wisconsin,Taylor
29649,Wisconsin,Trempealeau
30822,Wisconsin,Vernon
22195,Wisconsin,Vilas
103868,Wisconsin,Walworth
15720,Wisconsin,Washburn
136034,Wisconsin,Washington
404198,Wisconsin,Waukesha
50990,Wisconsin,Waupaca
24443,Wisconsin,Waushara
171907,Wisconsin,Winnebago
72999,Wisconsin,Wood
38880,Wyoming,Albany
11790,Wyoming,Big Horn
46341,Wyoming,Campbell
14800,Wyoming,Carbon
13822,Wyoming,Converse
7584,Wyoming,Crook
39261,Wyoming,Fremont
13211,Wyoming,Goshen
4413,Wyoming,Hot Springs
8445,Wyoming,Johnson
99500,Wyoming,Laramie
19830,Wyoming,Lincoln
79858,Wyoming,Natrona
2356,Wyoming,Niobrara
29194,Wyoming,Park
8393,Wyoming,Platte
30485,Wyoming,Sheridan
9831,Wyoming,Sublette
42343,Wyoming,Sweetwater
23464,Wyoming,Teton
20226,Wyoming,Uinta
7805,Wyoming,Washakie
6927,Wyoming,Weston
